time,p_real_w,ghi,dni,dhi,t_amb,wind_kmh,cloud_cover,wind_ms,p_iso_w,p_perez_w
2026-03-20 00:00:00+00:00,0.0,0.0,0.0,0.0,-0.2,3.3,0,0.9166666666666666,0.0,0.0
2026-03-20 01:00:00+00:00,0.0,0.0,0.0,0.0,-0.9,3.6,0,1.0,0.0,0.0
2026-03-20 02:00:00+00:00,0.0,0.0,0.0,0.0,-0.9,1.5,0,0.4166666666666666,0.0,0.0
2026-03-20 03:00:00+00:00,0.0,0.0,0.0,0.0,-1.5,2.8,5,0.7777777777777777,0.0,0.0
2026-03-20 04:00:00+00:00,0.0,0.0,0.0,0.0,-2.0,4.3,35,1.1944444444444444,0.0,0.0
2026-03-20 05:00:00+00:00,474.9166666666667,0.0,0.0,0.0,-1.9,2.9,71,0.8055555555555555,0.0,0.0
2026-03-20 06:00:00+00:00,2634.4125,19.0,94.8,12.0,-1.4,3.4,30,0.9444444444444444,311.9999728223917,848.8358123512412
2026-03-20 07:00:00+00:00,4792.22,144.0,459.6,54.0,1.6,3.4,23,0.9444444444444444,2500.583724362944,3611.8360607105933
2026-03-20 08:00:00+00:00,6598.603611111111,307.0,654.9,78.0,5.2,2.2,21,0.6111111111111112,4569.886581777979,5080.448858944936
2026-03-20 09:00:00+00:00,8250.309444444445,455.0,757.0,92.0,8.9,2.2,6,0.6111111111111112,6420.467202402701,6881.07546087639
2026-03-20 10:00:00+00:00,9127.59,575.0,841.0,90.0,11.4,3.1,4,0.8611111111111112,7937.25206130177,8308.655346622496
2026-03-20 11:00:00+00:00,8238.6125,620.0,764.5,135.0,12.6,4.3,91,1.1944444444444444,8545.492042203758,8753.712066056187
2026-03-20 12:00:00+00:00,3169.480833333333,437.0,339.0,217.0,11.1,3.8,100,1.0555555555555556,6399.085803347242,6287.324718905138
2026-03-20 13:00:00+00:00,6608.743611111111,293.0,145.4,203.0,11.1,4.4,100,1.2222222222222223,4420.674387662474,4281.2627092234125
2026-03-20 14:00:00+00:00,2835.1469444444447,270.0,102.4,214.0,11.0,5.2,100,1.4444444444444444,4074.2774676019503,3913.405249520306
2026-03-20 15:00:00+00:00,1463.0202777777777,195.0,73.1,163.0,10.2,3.0,100,0.8333333333333333,3063.2323028645947,2956.9497559548604
2026-03-20 16:00:00+00:00,673.0955555555555,140.0,107.2,108.0,9.1,2.8,100,0.7777777777777777,2873.1873728709693,2496.1875170697035
2026-03-20 17:00:00+00:00,14.984444444444444,49.0,36.0,44.0,6.0,6.1,95,1.6944444444444442,11.106813072105135,1120.324267031139
2026-03-20 18:00:00+00:00,0.0,2.0,0.0,2.0,5.6,2.7,100,0.75,0.0,0.0
2026-03-20 19:00:00+00:00,0.0,0.0,0.0,0.0,5.9,6.6,100,1.8333333333333333,0.0,0.0
2026-03-20 20:00:00+00:00,0.0,0.0,0.0,0.0,5.7,7.8,100,2.1666666666666665,0.0,0.0
2026-03-20 21:00:00+00:00,0.0,0.0,0.0,0.0,5.4,8.5,100,2.361111111111111,0.0,0.0
2026-03-20 22:00:00+00:00,0.0,0.0,0.0,0.0,4.7,6.1,100,1.6944444444444442,0.0,0.0
2026-03-20 23:00:00+00:00,0.0,0.0,0.0,0.0,4.0,5.5,100,1.5277777777777777,0.0,0.0
2026-03-21 00:00:00+00:00,0.0,0.0,0.0,0.0,5.0,9.3,100,2.583333333333333,0.0,0.0
2026-03-21 01:00:00+00:00,0.0,0.0,0.0,0.0,5.1,8.3,100,2.305555555555556,0.0,0.0
2026-03-21 02:00:00+00:00,0.0,0.0,0.0,0.0,4.4,6.5,99,1.805555555555556,0.0,0.0
2026-03-21 03:00:00+00:00,0.0,0.0,0.0,0.0,3.7,7.4,98,2.055555555555556,0.0,0.0
2026-03-21 04:00:00+00:00,0.0,0.0,0.0,0.0,3.0,7.2,80,2.0,0.0,0.0
2026-03-21 05:00:00+00:00,137.4361111111111,0.0,0.0,0.0,2.1,5.3,55,1.472222222222222,0.0,0.0
2026-03-21 06:00:00+00:00,1089.9952777777778,14.0,52.0,10.0,2.0,7.0,12,1.9444444444444444,227.18894221879816,522.6230345482439
2026-03-21 07:00:00+00:00,2149.6669444444447,135.0,371.6,60.0,3.9,6.4,35,1.777777777777778,2272.2630481185693,3234.3480493829916
2026-03-21 08:00:00+00:00,2815.245555555556,273.0,481.0,102.0,5.8,5.0,69,1.3888888888888888,4120.233140419492,4509.8779148459025
2026-03-21 09:00:00+00:00,5308.1883333333335,394.0,548.1,128.0,7.8,6.6,99,1.8333333333333333,5765.93478378235,6067.9449575746
2026-03-21 10:00:00+00:00,5353.315555555556,299.0,214.7,174.0,8.1,9.1,98,2.5277777777777777,4559.876785916216,4556.149307687593
2026-03-21 11:00:00+00:00,4202.115555555555,460.0,267.3,289.0,9.3,10.8,100,3.0,6756.634303270759,6770.136749884228
2026-03-21 12:00:00+00:00,2718.516111111111,267.0,59.6,228.0,7.7,12.1,100,3.3611111111111107,4113.840261583906,3991.676316658091
2026-03-21 13:00:00+00:00,3077.048888888889,218.0,35.3,196.0,7.8,10.0,100,2.7777777777777777,3380.4926713900936,3275.896459732295
2026-03-21 14:00:00+00:00,3968.9155555555553,203.0,77.9,160.0,8.1,14.1,100,3.9166666666666665,3148.0574334821627,3000.6489906480015
2026-03-21 15:00:00+00:00,2965.239722222222,182.0,45.2,162.0,7.9,13.1,99,3.638888888888889,2876.4629385853327,2800.6158807542274
2026-03-21 16:00:00+00:00,1254.6430555555555,167.0,184.8,111.0,7.1,13.0,77,3.611111111111111,3673.9924693842277,2994.191810511732
2026-03-21 17:00:00+00:00,41.72888888888889,59.0,76.7,48.0,5.7,10.5,70,2.9166666666666665,13.388254326638704,1478.1828909278656
2026-03-21 18:00:00+00:00,0.0,4.0,0.0,4.0,4.7,10.9,83,3.0277777777777777,0.0,0.0
2026-03-21 19:00:00+00:00,0.0,0.0,0.0,0.0,4.2,11.7,51,3.25,0.0,0.0
2026-03-21 20:00:00+00:00,0.0,0.0,0.0,0.0,3.7,12.5,9,3.4722222222222223,0.0,0.0
2026-03-21 21:00:00+00:00,0.0,0.0,0.0,0.0,3.2,11.8,3,3.2777777777777777,0.0,0.0
2026-03-21 22:00:00+00:00,0.0,0.0,0.0,0.0,2.6,10.7,0,2.972222222222222,0.0,0.0
2026-03-21 23:00:00+00:00,0.0,0.0,0.0,0.0,2.2,11.0,0,3.055555555555556,0.0,0.0
2026-03-22 00:00:00+00:00,0.0,0.0,0.0,0.0,2.8,12.7,0,3.5277777777777777,0.0,0.0
2026-03-22 01:00:00+00:00,0.0,0.0,0.0,0.0,2.5,11.9,0,3.305555555555556,0.0,0.0
2026-03-22 02:00:00+00:00,0.0,0.0,0.0,0.0,2.2,11.4,0,3.1666666666666665,0.0,0.0
2026-03-22 03:00:00+00:00,0.0,0.0,0.0,0.0,1.9,11.8,0,3.2777777777777777,0.0,0.0
2026-03-22 04:00:00+00:00,0.0,0.0,0.0,0.0,1.8,12.6,0,3.5,0.0,0.0
2026-03-22 05:00:00+00:00,621.9491666666667,0.0,0.0,0.0,1.6,12.5,0,3.4722222222222223,0.0,0.0
2026-03-22 06:00:00+00:00,2984.7025,26.0,150.3,14.0,2.5,14.4,0,4.0,420.6694268202575,1153.8066580069183
2026-03-22 07:00:00+00:00,5237.862222222222,161.0,524.7,52.0,4.9,13.5,5,3.75,2770.268696558074,3910.3633559293035
2026-03-22 08:00:00+00:00,7139.953333333333,328.0,705.7,73.0,7.4,14.1,17,3.9166666666666665,4783.672235855396,5317.285696457775
2026-03-22 09:00:00+00:00,8970.77638888889,476.0,794.4,86.0,9.6,18.8,48,5.222222222222222,6695.03353807582,7189.843689671674
2026-03-22 10:00:00+00:00,9685.476162274208,588.0,820.1,106.0,11.1,21.9,41,6.083333333333333,8174.737410374879,8570.772495449237
2026-03-22 11:00:00+00:00,2483.9572222222223,619.0,773.6,120.0,12.4,22.1,64,6.138888888888889,8620.728735016846,8802.407066566806
2026-03-22 12:00:00+00:00,4433.420833333334,609.0,699.4,148.0,12.9,21.2,37,5.888888888888888,8501.3461856219,8511.192394934444
2026-03-22 13:00:00+00:00,6605.490047659097,583.0,628.1,188.0,13.1,21.0,96,5.833333333333333,8102.4798071988325,8036.871283227752
2026-03-22 14:00:00+00:00,5738.617104527669,324.0,224.6,199.0,12.2,19.5,99,5.416666666666667,4814.853389347352,4648.303516585329
2026-03-22 15:00:00+00:00,4310.698055555556,174.0,62.7,146.0,11.6,14.3,94,3.9722222222222223,2704.691046533493,2620.7035189957505
2026-03-22 16:00:00+00:00,1863.559166666667,156.0,195.2,96.0,10.9,12.1,97,3.3611111111111107,3219.043999342966,2806.575118174855
2026-03-22 17:00:00+00:00,57.99444444444445,51.0,54.1,43.0,9.3,11.6,84,3.222222222222222,11.418319208223277,1214.7580426153045
2026-03-22 18:00:00+00:00,0.0,5.0,20.4,4.0,8.4,11.3,63,3.138888888888889,0.0,0.0
2026-03-22 19:00:00+00:00,0.0,0.0,0.0,0.0,7.1,11.5,40,3.194444444444444,0.0,0.0
2026-03-22 20:00:00+00:00,0.0,0.0,0.0,0.0,6.2,11.5,1,3.194444444444444,0.0,0.0
2026-03-22 21:00:00+00:00,0.0,0.0,0.0,0.0,5.0,10.1,6,2.805555555555556,0.0,0.0
2026-03-22 22:00:00+00:00,0.0,0.0,0.0,0.0,3.8,7.9,0,2.1944444444444446,0.0,0.0
2026-03-22 23:00:00+00:00,0.0,0.0,0.0,0.0,2.2,6.6,0,1.8333333333333333,0.0,0.0
2026-03-23 00:00:00+00:00,0.0,0.0,0.0,0.0,1.6,6.2,0,1.7222222222222223,0.0,0.0
2026-03-23 01:00:00+00:00,0.0,0.0,0.0,0.0,0.9,4.9,0,1.3611111111111112,0.0,0.0
2026-03-23 02:00:00+00:00,0.0,0.0,0.0,0.0,0.1,5.0,0,1.3888888888888888,0.0,0.0
2026-03-23 03:00:00+00:00,0.0,0.0,0.0,0.0,-0.4,4.3,0,1.1944444444444444,0.0,0.0
2026-03-23 04:00:00+00:00,0.0205555555555555,0.0,0.0,0.0,-0.6,3.1,0,0.8611111111111112,0.0,0.0
2026-03-23 05:00:00+00:00,790.6405555555556,0.0,0.0,0.0,-0.9,2.5,0,0.6944444444444444,0.0,0.0
2026-03-23 06:00:00+00:00,3106.4669444444444,29.0,169.0,15.0,-0.2,3.1,2,0.8611111111111112,473.63547254329274,1281.4403075990967
2026-03-23 07:00:00+00:00,5148.342222222223,167.0,533.7,53.0,2.5,2.5,5,0.6944444444444444,2885.8052363966003,4014.9274566677864
2026-03-23 08:00:00+00:00,7102.668333333333,334.0,710.9,73.0,5.2,2.2,46,0.6111111111111112,4873.557433039512,5386.427006485296
2026-03-23 09:00:00+00:00,8646.619166666667,478.0,773.3,94.0,8.2,1.1,95,0.3055555555555556,6729.963539801282,7211.016732104617
2026-03-23 10:00:00+00:00,9828.650833333331,583.0,778.9,121.0,10.4,0.9,65,0.25,8089.262540021775,8466.688710732018
2026-03-23 11:00:00+00:00,9536.006111111112,658.0,833.5,116.0,11.1,1.3,91,0.3611111111111111,9045.785421079698,9267.237634143952
2026-03-23 12:00:00+00:00,8629.965833333334,667.0,808.6,130.0,11.4,1.3,48,0.3611111111111111,9163.074624799927,9197.381481123848
2026-03-23 13:00:00+00:00,7622.749444444445,583.0,699.1,140.0,12.0,2.2,67,0.6111111111111112,8083.5786880390315,7939.056042669927
2026-03-23 14:00:00+00:00,6040.795833333334,282.0,183.6,179.0,11.4,2.2,72,0.6111111111111112,4238.604773426014,4041.077818254757
2026-03-23 15:00:00+00:00,4471.8116666666665,199.0,79.8,163.0,11.0,1.2,100,0.3333333333333333,3098.37167095161,2986.3716608759837
2026-03-23 16:00:00+00:00,2160.081388888889,118.0,48.1,103.0,9.6,5.0,100,1.3888888888888888,2123.868746168106,1986.3797726146263
2026-03-23 17:00:00+00:00,74.41527777777777,50.0,52.6,42.0,7.7,5.4,98,1.5,11.26183273576966,1192.0583420121168
2026-03-23 18:00:00+00:00,0.0,4.0,0.0,4.0,6.8,4.0,88,1.1111111111111112,0.0,0.0
2026-03-23 19:00:00+00:00,0.0,0.0,0.0,0.0,5.2,4.6,9,1.2777777777777777,0.0,0.0
2026-03-23 20:00:00+00:00,0.0,0.0,0.0,0.0,4.1,5.2,2,1.4444444444444444,0.0,0.0
2026-03-23 21:00:00+00:00,0.0,0.0,0.0,0.0,3.2,5.9,13,1.6388888888888888,0.0,0.0
2026-03-23 22:00:00+00:00,0.0,0.0,0.0,0.0,2.1,6.3,39,1.75,0.0,0.0
2026-03-23 23:00:00+00:00,0.0,0.0,0.0,0.0,1.2,3.3,97,0.9166666666666666,0.0,0.0
2026-03-24 00:00:00+00:00,0.0,0.0,0.0,0.0,0.1,5.4,75,1.5,0.0,0.0
2026-03-24 01:00:00+00:00,0.0,0.0,0.0,0.0,-0.9,5.1,100,1.4166666666666663,0.0,0.0
2026-03-24 02:00:00+00:00,0.0,0.0,0.0,0.0,-1.4,2.5,98,0.6944444444444444,0.0,0.0
2026-03-24 03:00:00+00:00,0.0,0.0,0.0,0.0,-1.5,1.8,100,0.5,0.0,0.0
2026-03-24 04:00:00+00:00,0.5827777777777777,0.0,0.0,0.0,-1.6,3.1,100,0.8611111111111112,0.0,0.0
2026-03-24 05:00:00+00:00,480.43,0.0,0.0,0.0,-1.5,2.4,100,0.6666666666666666,0.0,0.0
2026-03-24 06:00:00+00:00,1810.8341666666668,28.0,81.6,21.0,-1.2,0.9,100,0.25,459.00160969471204,849.1218853504349
2026-03-24 07:00:00+00:00,3781.845555555556,132.0,168.6,95.0,1.3,1.0,100,0.2777777777777778,2188.995174465762,2628.0657030071525
2026-03-24 08:00:00+00:00,5837.868055555556,327.0,632.9,91.0,5.9,0.9,100,0.25,4772.877982541765,5212.622100456418
2026-03-24 09:00:00+00:00,6588.701944444444,476.0,742.7,103.0,10.1,2.1,83,0.5833333333333334,6677.651032852767,7137.269893025893
2026-03-24 10:00:00+00:00,6887.777777777777,598.0,833.6,99.0,13.0,3.2,98,0.888888888888889,8187.341682772601,8559.089051510302
2026-03-24 11:00:00+00:00,8956.717777777778,669.0,869.5,99.0,14.3,7.2,96,2.0,9082.886621782947,9276.648578933851
2026-03-24 12:00:00+00:00,8450.51638888889,685.0,875.8,99.0,13.9,8.9,77,2.4722222222222223,9319.069083740942,9298.476667715302
2026-03-24 13:00:00+00:00,6215.340883668904,643.0,842.6,105.0,13.9,9.6,73,2.6666666666666665,8772.865011939584,8559.329576357191
2026-03-24 14:00:00+00:00,5349.334722222222,557.0,818.4,94.0,13.6,9.6,26,2.6666666666666665,7644.800407313514,7217.169401235684
2026-03-24 15:00:00+00:00,4242.496388888889,430.0,761.4,83.0,12.9,8.7,15,2.4166666666666665,6506.335064171416,5894.0938529600435
2026-03-24 16:00:00+00:00,1532.3752777777777,272.0,642.0,69.0,11.1,5.2,90,1.4444444444444444,5457.608254176932,4823.737914057424
2026-03-24 17:00:00+00:00,50.88527777777778,108.0,396.2,46.0,7.3,6.0,69,1.6666666666666663,2739.6133632808283,2630.0184612868225
2026-03-24 18:00:00+00:00,0.0,7.0,37.4,5.0,4.8,9.0,35,2.5,0.0,0.0
2026-03-24 19:00:00+00:00,0.0,0.0,0.0,0.0,5.8,11.6,100,3.222222222222222,0.0,0.0
2026-03-24 20:00:00+00:00,0.0,0.0,0.0,0.0,5.2,10.1,100,2.805555555555556,0.0,0.0
2026-03-24 21:00:00+00:00,0.0,0.0,0.0,0.0,4.8,10.3,100,2.861111111111111,0.0,0.0
2026-03-24 22:00:00+00:00,0.0,0.0,0.0,0.0,4.7,10.0,100,2.7777777777777777,0.0,0.0
2026-03-24 23:00:00+00:00,0.0,0.0,0.0,0.0,4.2,11.1,100,3.083333333333333,0.0,0.0
2026-03-25 00:00:00+00:00,0.0,0.0,0.0,0.0,4.6,10.2,100,2.833333333333333,0.0,0.0
2026-03-25 01:00:00+00:00,0.0,0.0,0.0,0.0,5.0,10.9,100,3.0277777777777777,0.0,0.0
2026-03-25 02:00:00+00:00,0.0,0.0,0.0,0.0,4.6,11.4,100,3.1666666666666665,0.0,0.0
2026-03-25 03:00:00+00:00,0.0,0.0,0.0,0.0,4.4,11.9,90,3.305555555555556,0.0,0.0
2026-03-25 04:00:00+00:00,0.0,0.0,0.0,0.0,3.5,12.8,37,3.555555555555556,0.0,0.0
2026-03-25 05:00:00+00:00,369.3319444444445,0.0,0.0,0.0,3.0,12.9,44,3.583333333333333,0.0,0.0
2026-03-25 06:00:00+00:00,2807.516666666667,34.0,180.2,18.0,4.4,13.5,90,3.75,545.8098397446696,1389.6329174771
2026-03-25 07:00:00+00:00,5040.121111111112,145.0,279.5,82.0,7.2,14.9,88,4.138888888888889,2370.497137684436,3052.73276071261
2026-03-25 08:00:00+00:00,6202.295277777778,324.0,567.8,109.0,9.9,15.0,98,4.166666666666667,4686.135008338694,5101.34236441632
2026-03-25 09:00:00+00:00,7982.985833333333,310.0,189.0,214.0,10.9,17.3,97,4.805555555555555,4642.856540711231,4663.743854996046
2026-03-25 10:00:00+00:00,8672.998055555556,271.0,57.9,236.0,11.5,16.6,92,4.611111111111112,4110.591759123324,4016.364664364934
2026-03-25 11:00:00+00:00,8734.347222222223,212.0,37.8,187.0,11.8,18.9,100,5.249999999999999,3245.180101193522,3154.9308704596942
2026-03-25 12:00:00+00:00,822.5433333333333,40.0,0.0,40.0,10.4,16.1,100,4.472222222222222,627.4920526537486,602.6880014655306
2026-03-25 13:00:00+00:00,845.2741666666667,149.0,3.1,147.0,8.9,16.5,100,4.583333333333333,2324.763267797552,2235.9198647910903
2026-03-25 14:00:00+00:00,4902.412222222222,125.0,10.5,119.0,6.6,15.5,100,4.305555555555555,1972.0641914867292,1887.2487347136002
2026-03-25 15:00:00+00:00,761.0580555555556,94.0,8.7,90.0,5.4,19.2,100,5.333333333333333,1494.7155321262046,1434.700684090474
2026-03-25 16:00:00+00:00,182.11416666666668,64.0,0.0,64.0,5.4,15.0,100,4.166666666666667,1020.530166731167,992.7985048600935
2026-03-25 17:00:00+00:00,0.0,32.0,6.2,31.0,4.9,16.0,100,4.444444444444445,863.0116392176549,578.9927891795191
2026-03-25 18:00:00+00:00,0.0,5.0,0.0,5.0,3.9,15.3,98,4.25,0.0,0.0
2026-03-25 19:00:00+00:00,0.0,0.0,0.0,0.0,3.2,13.8,100,3.8333333333333335,0.0,0.0
2026-03-25 20:00:00+00:00,0.0,0.0,0.0,0.0,2.5,9.8,100,2.7222222222222223,0.0,0.0
2026-03-25 21:00:00+00:00,0.0,0.0,0.0,0.0,2.9,11.4,100,3.1666666666666665,0.0,0.0
2026-03-25 22:00:00+00:00,0.0,0.0,0.0,0.0,2.6,12.4,100,3.4444444444444446,0.0,0.0
2026-03-25 23:00:00+00:00,0.0,0.0,0.0,0.0,2.2,14.0,97,3.888888888888889,0.0,0.0
2026-03-26 00:00:00+00:00,0.0,0.0,0.0,0.0,2.0,12.9,100,3.583333333333333,0.0,0.0
2026-03-26 01:00:00+00:00,0.0,0.0,0.0,0.0,1.9,15.7,100,4.361111111111111,0.0,0.0
2026-03-26 02:00:00+00:00,0.0,0.0,0.0,0.0,1.2,12.3,100,3.416666666666667,0.0,0.0
2026-03-26 03:00:00+00:00,0.0,0.0,0.0,0.0,0.6,10.3,100,2.861111111111111,0.0,0.0
2026-03-26 04:00:00+00:00,0.0,0.0,0.0,0.0,0.2,10.7,100,2.972222222222222,0.0,0.0
2026-03-26 05:00:00+00:00,153.97694444444446,0.0,0.0,0.0,0.2,11.4,100,3.1666666666666665,0.0,0.0
2026-03-26 06:00:00+00:00,606.8144444444445,19.0,0.0,19.0,0.7,11.0,100,3.055555555555556,309.6515931556917,295.87442011541
2026-03-26 07:00:00+00:00,1690.7969444444443,105.0,38.9,96.0,2.2,12.1,100,3.3611111111111107,1687.5326649093408,1770.708640149555
2026-03-26 08:00:00+00:00,3766.556666666667,214.0,88.4,180.0,3.2,15.6,100,4.333333333333333,3345.7351352390842,3321.529376380998
2026-03-26 09:00:00+00:00,4691.589444444445,339.0,282.4,194.0,4.6,15.3,100,4.25,5160.810382930576,5256.901463389898
2026-03-26 10:00:00+00:00,5615.738611111111,531.0,525.1,211.0,6.0,15.4,100,4.277777777777778,7717.939897914088,7948.143744108079
2026-03-26 11:00:00+00:00,7083.703055555556,592.0,543.6,230.0,6.7,15.6,100,4.333333333333333,8511.208576222813,8661.919280437654
2026-03-26 12:00:00+00:00,6809.905555555555,577.0,505.1,234.0,4.6,15.9,100,4.416666666666667,8411.5447303769,8417.024873261766
2026-03-26 13:00:00+00:00,5474.675277777777,557.0,557.1,196.0,5.4,18.5,75,5.138888888888888,8069.6716773577,7935.405167946364
2026-03-26 14:00:00+00:00,3791.136944444445,467.0,560.1,145.0,6.1,16.0,68,4.444444444444445,6772.634800588238,6519.481738543644
2026-03-26 15:00:00+00:00,3690.601388888889,365.0,531.6,118.0,6.2,16.2,100,4.5,5708.781372853768,5282.994591780859
2026-03-26 16:00:00+00:00,2470.128888888889,219.0,338.6,109.0,5.7,14.1,100,3.9166666666666665,4761.271140013375,3895.1334020522995
2026-03-26 17:00:00+00:00,121.25138888888888,109.0,296.8,60.0,4.3,11.0,74,3.055555555555556,2806.640411854314,2699.082992334067
2026-03-26 18:00:00+00:00,0.0,9.0,17.3,8.0,2.1,9.1,95,2.5277777777777777,0.0,0.0
2026-03-26 19:00:00+00:00,0.0,0.0,0.0,0.0,1.7,11.0,99,3.055555555555556,0.0,0.0
2026-03-26 20:00:00+00:00,0.0,0.0,0.0,0.0,1.1,12.4,95,3.4444444444444446,0.0,0.0
2026-03-26 21:00:00+00:00,0.0,0.0,0.0,0.0,0.1,9.6,100,2.6666666666666665,0.0,0.0
2026-03-26 22:00:00+00:00,0.0,0.0,0.0,0.0,-0.4,9.2,95,2.555555555555556,0.0,0.0
2026-03-26 23:00:00+00:00,0.0,0.0,0.0,0.0,-1.0,10.0,60,2.7777777777777777,0.0,0.0
2026-03-27 00:00:00+00:00,0.0,0.0,0.0,0.0,-1.1,9.1,100,2.5277777777777777,0.0,0.0
2026-03-27 01:00:00+00:00,0.0,0.0,0.0,0.0,-1.2,9.8,91,2.7222222222222223,0.0,0.0
2026-03-27 02:00:00+00:00,0.0,0.0,0.0,0.0,-1.6,9.4,73,2.611111111111111,0.0,0.0
2026-03-27 03:00:00+00:00,0.0,0.0,0.0,0.0,-2.2,9.8,0,2.7222222222222223,0.0,0.0
2026-03-27 04:00:00+00:00,1.9691666666666667,0.0,0.0,0.0,-2.2,9.2,0,2.555555555555556,0.0,0.0
2026-03-27 05:00:00+00:00,906.2413888888888,0.0,0.0,0.0,-2.4,9.9,0,2.75,0.0,0.0
2026-03-27 06:00:00+00:00,3288.1841666666664,42.0,221.6,21.0,-1.5,10.6,0,2.944444444444444,688.3897909169235,1703.3395183116284
2026-03-27 07:00:00+00:00,5812.258055555556,188.0,539.6,60.0,0.4,9.0,41,2.5,3218.752684296864,4271.2033561711205
2026-03-27 08:00:00+00:00,7621.490277777778,355.0,691.9,85.0,2.0,8.9,0,2.4722222222222223,5218.328345487009,5700.037308749732
2026-03-27 09:00:00+00:00,5225.011388888889,510.0,807.3,91.0,3.5,9.2,2,2.555555555555556,7292.135048274371,7809.938230605156
2026-03-27 10:00:00+00:00,8687.878888888888,595.0,762.9,126.0,5.1,9.8,29,2.7222222222222223,8476.419508014991,8840.257720407695
2026-03-27 11:00:00+00:00,8077.285277777778,673.0,819.6,123.0,6.2,10.3,60,2.861111111111111,9470.118253982673,9687.028158704148
2026-03-27 12:00:00+00:00,9020.787777777778,661.0,723.7,166.0,6.0,10.1,58,2.805555555555556,9353.687455474177,9402.734135664556
2026-03-27 13:00:00+00:00,8154.221388888889,623.0,694.0,170.0,6.7,10.0,59,2.7777777777777777,8788.505891280463,8688.862359086916
2026-03-27 14:00:00+00:00,6697.061944444445,543.0,669.6,155.0,6.8,11.2,40,3.1111111111111107,7668.3008955339465,7420.557416726621
2026-03-27 15:00:00+00:00,5230.735833333333,424.0,656.6,116.0,6.6,11.0,41,3.055555555555556,6510.351581418741,6015.866017044403
2026-03-27 16:00:00+00:00,2543.4519444444445,285.0,619.7,81.0,5.9,11.3,35,3.138888888888889,5726.454523094416,5053.5294101733825
2026-03-27 17:00:00+00:00,118.76472222222222,118.0,401.4,50.0,4.1,9.8,0,2.7222222222222223,2978.6335739889587,2801.385318671837
2026-03-27 18:00:00+00:00,0.0,11.0,50.1,8.0,2.7,11.7,41,3.25,0.0,0.0
2026-03-27 19:00:00+00:00,0.0,0.0,0.0,0.0,2.3,10.3,70,2.861111111111111,0.0,0.0
2026-03-27 20:00:00+00:00,0.0,0.0,0.0,0.0,1.1,8.5,2,2.361111111111111,0.0,0.0
2026-03-27 21:00:00+00:00,0.0,0.0,0.0,0.0,-0.7,6.2,1,1.7222222222222223,0.0,0.0
2026-03-27 22:00:00+00:00,0.0,0.0,0.0,0.0,-1.6,5.3,38,1.472222222222222,0.0,0.0
2026-03-27 23:00:00+00:00,0.0,0.0,0.0,0.0,-2.5,4.6,0,1.2777777777777777,0.0,0.0
2026-03-28 00:00:00+00:00,0.0,0.0,0.0,0.0,-3.0,4.3,0,1.1944444444444444,0.0,0.0
2026-03-28 01:00:00+00:00,0.0,0.0,0.0,0.0,-3.5,4.5,0,1.25,0.0,0.0
2026-03-28 02:00:00+00:00,0.0,0.0,0.0,0.0,-3.5,3.3,0,0.9166666666666666,0.0,0.0
2026-03-28 03:00:00+00:00,0.0,0.0,0.0,0.0,-3.5,1.9,4,0.5277777777777778,0.0,0.0
2026-03-28 04:00:00+00:00,2.888333333333333,0.0,0.0,0.0,-3.5,0.7,2,0.1944444444444444,0.0,0.0
2026-03-28 05:00:00+00:00,847.6005555555555,0.0,0.0,0.0,-3.5,0.4,5,0.1111111111111111,0.0,0.0
2026-03-28 06:00:00+00:00,3569.9294444444445,45.0,225.1,23.0,-3.5,1.1,76,0.3055555555555556,742.5062710144623,1780.7229823879402
2026-03-28 07:00:00+00:00,5600.707222222222,183.0,423.6,80.0,-0.9,1.0,80,0.2777777777777778,3109.4571388870004,3940.1259823388355
2026-03-28 08:00:00+00:00,7651.5425,358.0,661.6,96.0,2.7,2.3,48,0.6388888888888888,5245.03146063463,5715.619980766201
2026-03-28 09:00:00+00:00,9292.978888888889,517.0,798.7,98.0,5.4,4.4,63,1.2222222222222223,7317.738703246769,7835.512264833341
2026-03-28 10:00:00+00:00,10171.232777777775,616.0,762.7,143.0,6.9,7.9,81,2.1944444444444446,8658.755483230572,9050.428946276503
2026-03-28 11:00:00+00:00,961.8322222222222,680.0,776.4,155.0,7.9,9.7,98,2.694444444444444,9492.89880701907,9733.972287728015
2026-03-28 12:00:00+00:00,898.9575,676.0,708.4,188.0,7.8,8.5,100,2.361111111111111,9462.48838429638,9540.905557963091
2026-03-28 13:00:00+00:00,4703.376056338028,537.0,365.1,297.0,7.8,8.4,100,2.333333333333333,7741.136622420316,7660.162954157733
2026-03-28 14:00:00+00:00,6243.576388888889,457.0,315.1,273.0,7.8,8.7,100,2.4166666666666665,6612.772739922979,6505.84581859451
2026-03-28 15:00:00+00:00,4524.6975,311.0,154.2,238.0,7.2,9.4,100,2.611111111111111,4850.638847041365,4681.452329596859
2026-03-28 16:00:00+00:00,1116.4455555555555,201.0,134.9,156.0,6.1,7.0,100,1.9444444444444444,4201.843142952474,3519.6988429057847
2026-03-28 17:00:00+00:00,90.59333333333332,97.0,132.4,74.0,4.0,16.9,100,4.694444444444444,3146.8849922465574,2637.6626258911874
2026-03-28 18:00:00+00:00,0.0,10.0,16.1,9.0,2.3,16.6,100,4.611111111111112,0.0,0.0
2026-03-28 19:00:00+00:00,0.0,0.0,0.0,0.0,1.5,13.5,100,3.75,0.0,0.0
2026-03-28 20:00:00+00:00,0.0,0.0,0.0,0.0,1.4,11.6,100,3.222222222222222,0.0,0.0
2026-03-28 21:00:00+00:00,0.0,0.0,0.0,0.0,0.9,9.5,100,2.638888888888889,0.0,0.0
2026-03-28 22:00:00+00:00,0.0,0.0,0.0,0.0,0.8,8.3,100,2.305555555555556,0.0,0.0
2026-03-28 23:00:00+00:00,0.0,0.0,0.0,0.0,0.6,8.9,100,2.4722222222222223,0.0,0.0
2026-03-29 00:00:00+00:00,0.0,0.0,0.0,0.0,0.6,8.8,100,2.4444444444444446,0.0,0.0
2026-03-29 01:00:00+00:00,0.0,0.0,0.0,0.0,0.6,9.3,100,2.583333333333333,0.0,0.0
2026-03-29 02:00:00+00:00,0.0,0.0,0.0,0.0,0.6,9.5,100,2.638888888888889,0.0,0.0
2026-03-29 03:00:00+00:00,0.0,0.0,0.0,0.0,0.7,9.9,100,2.75,0.0,0.0
2026-03-29 04:00:00+00:00,0.0,0.0,0.0,0.0,0.7,9.4,100,2.611111111111111,0.0,0.0
2026-03-29 05:00:00+00:00,43.44555555555556,0.0,0.0,0.0,0.9,10.9,100,3.0277777777777777,0.0,0.0
2026-03-29 06:00:00+00:00,496.6825,12.0,0.0,12.0,0.9,10.7,100,2.972222222222222,195.56498689196516,186.60472726319279
2026-03-29 07:00:00+00:00,1724.8122222222223,63.0,8.0,61.0,1.8,11.9,100,3.305555555555556,1018.0669341356626,994.6918367625116
2026-03-29 08:00:00+00:00,2843.9513888888887,131.0,22.4,122.0,2.6,14.3,100,3.9722222222222223,2096.450484526726,2047.0340696636376
2026-03-29 09:00:00+00:00,4338.640277777778,219.0,18.9,209.0,4.1,16.0,100,4.444444444444445,3441.8193243362607,3325.6415768303054
2026-03-29 10:00:00+00:00,4764.911111111112,244.0,20.8,231.0,5.2,14.4,100,4.0,3809.509537889866,3679.1531624221666
2026-03-29 11:00:00+00:00,4906.174722222222,284.0,45.5,253.0,6.3,12.5,100,3.4722222222222223,4391.0527166713355,4280.00712810707
2026-03-29 12:00:00+00:00,2479.126111111111,284.0,28.8,264.0,5.6,9.4,100,2.611111111111111,4400.958951166084,4290.373212000634
2026-03-29 13:00:00+00:00,2109.173888888889,203.0,24.2,187.0,6.2,7.6,100,2.111111111111111,3174.4717462654744,3080.7267753310007
2026-03-29 14:00:00+00:00,2519.887777777778,230.0,45.9,203.0,6.8,8.0,100,2.2222222222222223,3567.763008155353,3447.345249992136
2026-03-29 15:00:00+00:00,1395.3225,192.0,62.8,162.0,7.0,9.2,100,2.555555555555556,3014.4582570919397,2913.3523815730805
2026-03-29 16:00:00+00:00,496.69055555555553,102.0,8.9,99.0,6.6,7.2,100,2.0,1671.8065732280736,1617.6651483443936
2026-03-29 17:00:00+00:00,12.2075,51.0,0.0,51.0,5.8,6.3,100,1.75,1685.1942323743056,1032.2146314857152
2026-03-29 18:00:00+00:00,0.0,6.0,0.0,6.0,4.7,7.3,62,2.0277777777777777,0.0,0.0
2026-03-29 19:00:00+00:00,0.0,0.0,0.0,0.0,3.6,8.7,56,2.4166666666666665,0.0,0.0
2026-03-29 20:00:00+00:00,0.0,0.0,0.0,0.0,1.5,7.7,63,2.138888888888889,0.0,0.0
2026-03-29 21:00:00+00:00,0.0,0.0,0.0,0.0,0.4,7.8,91,2.1666666666666665,0.0,0.0
2026-03-29 22:00:00+00:00,0.0,0.0,0.0,0.0,0.0,8.4,87,2.333333333333333,0.0,0.0
2026-03-29 23:00:00+00:00,0.0,0.0,0.0,0.0,-0.4,7.2,100,2.0,0.0,0.0
2026-03-30 00:00:00+00:00,0.0,0.0,0.0,0.0,1.0,9.7,97,2.694444444444444,0.0,0.0
2026-03-30 01:00:00+00:00,0.0,0.0,0.0,0.0,0.9,11.1,100,3.083333333333333,0.0,0.0
2026-03-30 02:00:00+00:00,0.0,0.0,0.0,0.0,1.8,12.1,100,3.3611111111111107,0.0,0.0
2026-03-30 03:00:00+00:00,0.0,0.0,0.0,0.0,2.2,13.2,100,3.6666666666666665,0.0,0.0
2026-03-30 04:00:00+00:00,0.0186111111111111,0.0,0.0,0.0,2.1,14.6,100,4.055555555555555,0.0,0.0
2026-03-30 05:00:00+00:00,225.9775,0.0,0.0,0.0,1.5,14.6,100,4.055555555555555,0.0,0.0
2026-03-30 06:00:00+00:00,1264.815,11.0,0.0,11.0,1.7,14.9,100,4.138888888888889,178.76723375599343,170.5481994536574
2026-03-30 07:00:00+00:00,1560.6102777777778,51.0,3.9,50.0,2.2,19.1,100,5.305555555555556,824.124449957678,798.4448514221045
2026-03-30 08:00:00+00:00,1433.3694444444443,94.0,7.4,91.0,2.8,20.1,100,5.583333333333334,1509.342251486424,1454.7893803404145
2026-03-30 09:00:00+00:00,2420.1583333333333,144.0,7.5,140.0,2.3,20.7,100,5.75,2305.3309038628463,2219.5266512554067
2026-03-30 10:00:00+00:00,2438.0241666666666,154.0,15.9,144.0,2.8,18.1,100,5.027777777777778,2457.8369472871577,2393.905847576079
2026-03-30 11:00:00+00:00,2681.7502777777777,283.0,33.5,260.0,4.3,18.9,95,5.249999999999999,4415.216796672827,4306.563057917284
2026-03-30 12:00:00+00:00,5465.013055555555,434.0,190.4,301.0,5.2,17.3,97,4.805555555555555,6564.119842527194,6444.506586841159
2026-03-30 13:00:00+00:00,5788.7875,223.0,126.0,139.0,4.9,15.2,73,4.222222222222222,3498.0622135416806,3397.581337469291
2026-03-30 14:00:00+00:00,4119.181111111111,413.0,398.1,177.0,6.2,17.1,39,4.75,6147.734226467063,5898.746315745189
2026-03-30 15:00:00+00:00,2963.5775,361.0,425.2,156.0,4.8,18.5,86,5.138888888888888,5603.146919284992,5297.3282597756515
2026-03-30 16:00:00+00:00,649.3252777777777,166.0,195.9,99.0,4.9,15.1,34,4.194444444444445,3168.250641475903,2938.3488080351412
2026-03-30 17:00:00+00:00,365.7919444444444,120.0,362.2,54.0,4.3,13.0,9,3.611111111111111,3377.314733356823,3035.0857937551864
2026-03-30 18:00:00+00:00,0.0,14.0,75.5,9.0,2.5,10.2,48,2.833333333333333,0.0,0.0
2026-03-30 19:00:00+00:00,0.0,0.0,0.0,0.0,1.3,8.5,66,2.361111111111111,0.0,0.0
2026-03-30 20:00:00+00:00,0.0,0.0,0.0,0.0,0.9,10.3,4,2.861111111111111,0.0,0.0
2026-03-30 21:00:00+00:00,0.0,0.0,0.0,0.0,0.5,11.6,30,3.222222222222222,0.0,0.0
2026-03-30 22:00:00+00:00,0.0,0.0,0.0,0.0,0.2,11.5,50,3.194444444444444,0.0,0.0
2026-03-30 23:00:00+00:00,0.0,0.0,0.0,0.0,-0.2,11.4,9,3.1666666666666665,0.0,0.0
2026-03-31 00:00:00+00:00,0.0,0.0,0.0,0.0,0.1,10.2,53,2.833333333333333,0.0,0.0
2026-03-31 01:00:00+00:00,0.0,0.0,0.0,0.0,-0.2,10.8,58,3.0,0.0,0.0
2026-03-31 02:00:00+00:00,0.0,0.0,0.0,0.0,0.2,12.8,95,3.555555555555556,0.0,0.0
2026-03-31 03:00:00+00:00,0.0,0.0,0.0,0.0,0.6,12.6,100,3.5,0.0,0.0
2026-03-31 04:00:00+00:00,0.3777777777777777,0.0,0.0,0.0,1.1,13.0,100,3.611111111111111,0.0,0.0
2026-03-31 05:00:00+00:00,628.1086111111111,0.0,0.0,0.0,1.1,12.9,51,3.583333333333333,0.0,0.0
2026-03-31 06:00:00+00:00,3005.657222222222,39.0,84.4,30.0,1.1,11.7,21,3.25,633.3930546131805,1032.7944367638283
2026-03-31 07:00:00+00:00,3292.2341666666666,191.0,429.4,79.0,2.7,15.2,40,4.222222222222222,3160.7647507397355,3999.98442373114
2026-03-31 08:00:00+00:00,5011.078611111111,313.0,486.4,112.0,3.8,16.1,63,4.472222222222222,4723.545899627141,5049.741345877571
2026-03-31 09:00:00+00:00,5614.921666666667,422.0,487.8,158.0,4.9,15.8,86,4.388888888888889,6282.299389218635,6511.544652306417
2026-03-31 10:00:00+00:00,5400.728055555555,486.0,396.2,234.0,5.9,16.0,99,4.444444444444445,7194.320838299603,7332.384528503876
2026-03-31 11:00:00+00:00,4725.669722222222,483.0,276.3,292.0,6.6,15.9,100,4.416666666666667,7184.250592888137,7169.500828223313
2026-03-31 12:00:00+00:00,6014.410555555555,401.0,142.2,301.0,6.1,14.4,100,4.0,6082.718716519026,5974.34855646877
2026-03-31 13:00:00+00:00,7124.6594444444445,290.0,59.6,250.0,6.3,14.0,99,3.888888888888889,4477.389742018456,4339.598252930069
2026-03-31 14:00:00+00:00,5689.655555555555,298.0,98.8,239.0,6.9,13.8,100,3.8333333333333335,4563.196208633921,4393.135787183859
2026-03-31 15:00:00+00:00,2758.3991666666666,250.0,94.6,204.0,7.1,14.6,99,4.055555555555555,3904.690961586558,3758.3020081146865
2026-03-31 16:00:00+00:00,739.3897222222222,172.0,101.1,137.0,6.5,13.9,95,3.861111111111111,3261.6823715110722,2896.921106767577
2026-03-31 17:00:00+00:00,54.66972222222222,95.0,155.5,66.0,5.5,9.0,60,2.5,3163.5846410643835,2335.571458951412
2026-03-31 18:00:00+00:00,0.0,13.0,43.9,10.0,3.0,7.5,45,2.083333333333333,0.0,0.0
2026-03-31 19:00:00+00:00,0.0,0.0,0.0,0.0,2.2,6.7,27,1.8611111111111112,0.0,0.0
2026-03-31 20:00:00+00:00,0.0,0.0,0.0,0.0,1.8,8.6,34,2.388888888888889,0.0,0.0
2026-03-31 21:00:00+00:00,0.0,0.0,0.0,0.0,1.2,7.5,12,2.083333333333333,0.0,0.0
2026-03-31 22:00:00+00:00,0.0,0.0,0.0,0.0,0.2,6.8,3,1.8888888888888888,0.0,0.0
2026-03-31 23:00:00+00:00,0.0,0.0,0.0,0.0,-0.5,6.4,26,1.777777777777778,0.0,0.0
2026-04-01 00:00:00+00:00,0.0,0.0,0.0,0.0,0.8,8.7,43,2.4166666666666665,0.0,0.0
2026-04-01 01:00:00+00:00,0.0,0.0,0.0,0.0,0.2,7.4,28,2.055555555555556,0.0,0.0
2026-04-01 02:00:00+00:00,0.0,0.0,0.0,0.0,-0.5,7.8,90,2.1666666666666665,0.0,0.0
2026-04-01 03:00:00+00:00,0.0,0.0,0.0,0.0,-0.8,7.4,0,2.055555555555556,0.0,0.0
2026-04-01 04:00:00+00:00,23.287222222222223,0.0,0.0,0.0,-1.9,5.9,5,1.6388888888888888,0.0,0.0
2026-04-01 05:00:00+00:00,765.4561111111111,0.0,0.0,0.0,-2.1,6.1,50,1.6944444444444442,0.0,0.0
2026-04-01 06:00:00+00:00,3274.0044444444443,58.0,246.3,31.0,0.4,9.2,99,2.555555555555556,942.4897204815195,2050.568866775149
2026-04-01 07:00:00+00:00,5736.670277777778,168.0,247.5,102.0,1.8,9.5,97,2.638888888888889,2747.8576733957348,3223.4313630759175
2026-04-01 08:00:00+00:00,7447.839166666667,306.0,374.8,149.0,3.9,8.9,92,2.4722222222222223,4631.0697231347385,4880.3934966531415
2026-04-01 09:00:00+00:00,9633.659444444444,392.0,340.3,206.0,5.8,7.9,92,2.1944444444444446,5865.944604428027,5986.443697059128
2026-04-01 10:00:00+00:00,8624.106666666667,437.0,283.8,255.0,6.9,8.1,100,2.25,6516.050799258484,6549.599117129331
2026-04-01 11:00:00+00:00,6183.006388888889,424.0,145.0,323.0,7.6,8.0,93,2.2222222222222223,6353.878178829639,6281.807458970757
2026-04-01 12:00:00+00:00,3761.134722222222,373.0,166.6,255.0,7.5,8.8,98,2.4444444444444446,5651.960087326348,5521.037641722408
2026-04-01 13:00:00+00:00,3015.875,381.0,131.7,292.0,8.0,10.3,80,2.861111111111111,5738.954587644043,5613.140444785388
2026-04-01 14:00:00+00:00,5896.638888888889,431.0,344.1,224.0,8.6,10.2,55,2.833333333333333,6315.83516958983,6091.918829852955
2026-04-01 15:00:00+00:00,2613.5358333333334,353.0,389.3,162.0,8.6,10.3,43,2.861111111111111,5363.180901066491,5041.174832895876
2026-04-01 16:00:00+00:00,863.8669444444445,271.0,476.5,104.0,8.2,9.7,17,2.694444444444444,5373.472872640613,4638.458677332945
2026-04-01 17:00:00+00:00,45.21083333333333,131.0,377.6,59.0,6.2,5.1,1,1.4166666666666663,3539.49116619588,3173.681315585786
2026-04-01 18:00:00+00:00,0.0,18.0,99.4,11.0,3.7,5.5,6,1.5277777777777777,0.0,0.0
2026-04-01 19:00:00+00:00,0.0,0.0,0.0,0.0,3.2,2.0,16,0.5555555555555556,0.0,0.0
2026-04-01 20:00:00+00:00,0.0,0.0,0.0,0.0,1.9,2.7,9,0.75,0.0,0.0
2026-04-01 21:00:00+00:00,0.0,0.0,0.0,0.0,0.2,5.9,23,1.6388888888888888,0.0,0.0
2026-04-01 22:00:00+00:00,0.0,0.0,0.0,0.0,0.3,6.7,0,1.8611111111111112,0.0,0.0
2026-04-01 23:00:00+00:00,0.0,0.0,0.0,0.0,-0.7,6.1,2,1.6944444444444442,0.0,0.0
2026-04-02 00:00:00+00:00,0.0,0.0,0.0,0.0,-1.3,6.1,38,1.6944444444444442,0.0,0.0
2026-04-02 01:00:00+00:00,0.0,0.0,0.0,0.0,-1.2,6.3,22,1.75,0.0,0.0
2026-04-02 02:00:00+00:00,0.0,0.0,0.0,0.0,-1.2,6.1,0,1.6944444444444442,0.0,0.0
2026-04-02 03:00:00+00:00,0.0,0.0,0.0,0.0,-1.4,4.7,0,1.3055555555555556,0.0,0.0
2026-04-02 04:00:00+00:00,2.4944444444444445,0.0,0.0,0.0,-1.5,3.3,3,0.9166666666666666,0.0,0.0
2026-04-02 05:00:00+00:00,458.5830555555556,1.0,0.0,1.0,-2.1,4.0,0,1.1111111111111112,0.0,0.0
2026-04-02 06:00:00+00:00,1741.4280555555556,66.0,310.9,31.0,-0.4,5.9,16,1.6388888888888888,1095.8037871587135,2395.9733388400546
2026-04-02 07:00:00+00:00,4086.964166666666,217.0,539.4,70.0,2.4,4.0,40,1.1111111111111112,3582.292616875038,4485.8127254291
2026-04-02 08:00:00+00:00,4597.245,382.0,678.4,94.0,5.4,4.2,38,1.1666666666666667,5540.360882581351,5992.0213929245665
2026-04-02 09:00:00+00:00,4627.014166666667,528.0,749.9,114.0,7.7,4.3,42,1.1944444444444444,7445.431007464535,7912.858804800931
2026-04-02 10:00:00+00:00,3013.2922222222223,636.0,784.3,129.0,9.2,4.5,100,1.25,8848.297086997582,9204.622160142557
2026-04-02 11:00:00+00:00,3202.48,676.0,713.0,176.0,10.2,4.2,95,1.1666666666666667,9385.408038448013,9581.338250378218
2026-04-02 12:00:00+00:00,3159.7408333333333,680.0,672.0,201.0,10.6,3.8,30,1.0555555555555556,9420.330999049273,9475.286231776674
2026-04-02 13:00:00+00:00,3151.6194444444445,673.0,799.6,129.0,11.1,4.5,8,1.25,9236.208697811744,9057.573623148148
2026-04-02 14:00:00+00:00,2147.340277777778,599.0,815.2,105.0,11.1,6.6,9,1.8333333333333333,8249.036928579168,7833.699916400968
2026-04-02 15:00:00+00:00,1778.8208333333334,464.0,739.6,98.0,10.8,7.8,2,2.1666666666666665,6788.313404127272,6218.513245184864
2026-04-02 16:00:00+00:00,1031.3075,305.0,634.4,80.0,9.9,5.7,5,1.5833333333333333,5802.06300000067,5125.057788874049
2026-04-02 17:00:00+00:00,55.82305555555556,139.0,441.4,53.0,7.2,10.1,5,2.805555555555556,3595.0522512097514,3228.662061117957
2026-04-02 18:00:00+00:00,0.0,19.0,110.3,11.0,4.8,9.7,10,2.694444444444444,0.0,0.0
2026-04-02 19:00:00+00:00,0.0,0.0,0.0,0.0,4.2,8.6,1,2.388888888888889,0.0,0.0
2026-04-02 20:00:00+00:00,0.0,0.0,0.0,0.0,2.5,7.7,0,2.138888888888889,0.0,0.0
2026-04-02 21:00:00+00:00,0.0,0.0,0.0,0.0,1.2,5.9,6,1.6388888888888888,0.0,0.0
2026-04-02 22:00:00+00:00,0.0,0.0,0.0,0.0,0.6,3.8,21,1.0555555555555556,0.0,0.0
2026-04-02 23:00:00+00:00,0.0,0.0,0.0,0.0,0.3,2.7,5,0.75,0.0,0.0
2026-04-03 00:00:00+00:00,0.0,0.0,0.0,0.0,0.4,5.8,2,1.611111111111111,0.0,0.0
2026-04-03 01:00:00+00:00,0.0,0.0,0.0,0.0,-0.6,6.5,0,1.805555555555556,0.0,0.0
2026-04-03 02:00:00+00:00,0.0,0.0,0.0,0.0,-0.7,5.6,0,1.5555555555555554,0.0,0.0
2026-04-03 03:00:00+00:00,0.0,0.0,0.0,0.0,-0.5,2.7,1,0.75,0.0,0.0
2026-04-03 04:00:00+00:00,26.64583333333333,0.0,0.0,0.0,-0.8,1.8,0,0.5,0.0,0.0
2026-04-03 05:00:00+00:00,1537.7744444444445,1.0,0.0,1.0,-1.1,1.9,100,0.5277777777777778,0.23266917894541472,15.626698875844346
2026-04-03 06:00:00+00:00,3574.5172222222222,52.0,147.2,35.0,2.0,2.9,100,0.8055555555555555,840.3925618111857,1544.8186075126862
2026-04-03 07:00:00+00:00,5839.315,91.0,104.2,62.0,3.6,2.6,55,0.7222222222222222,1455.847548969973,1698.3846036189636
2026-04-03 08:00:00+00:00,8040.323611111111,232.0,262.7,119.0,6.3,2.2,20,0.6111111111111112,3577.105575472159,3717.2127754619924
2026-04-03 09:00:00+00:00,9582.17888888889,535.0,735.5,125.0,10.3,6.3,52,1.75,7463.3400603699565,7919.205451907921
2026-04-03 10:00:00+00:00,10608.767777777775,566.0,609.3,169.0,11.2,14.9,84,4.138888888888889,8036.987092812742,8267.030045857957
2026-04-03 11:00:00+00:00,8796.653333333334,352.0,199.7,211.0,11.1,14.9,93,4.138888888888889,5288.480455312622,5224.411507776557
2026-04-03 12:00:00+00:00,4576.428888888889,557.0,450.2,234.0,11.1,16.6,100,4.611111111111112,8014.514799172946,7954.309677656686
2026-04-03 13:00:00+00:00,6029.194902982914,345.0,166.5,231.0,11.1,14.1,100,3.9166666666666665,5179.227723607754,5012.804046543429
2026-04-03 14:00:00+00:00,6760.767756482525,262.0,60.6,225.0,11.2,12.1,89,3.3611111111111107,3977.1877245103447,3839.726140346539
2026-04-03 15:00:00+00:00,2312.6583333333333,224.0,108.2,170.0,11.1,11.1,96,3.083333333333333,3439.0247445441314,3332.451903532189
2026-04-03 16:00:00+00:00,2642.77,199.0,156.1,143.0,10.9,11.0,98,3.055555555555556,3749.3257955391286,3317.903284423391
2026-04-03 17:00:00+00:00,247.59583333333333,87.0,75.4,72.0,9.0,7.6,54,2.111111111111111,3138.7546639122643,1980.6815585626841
2026-04-03 18:00:00+00:00,0.0,18.0,80.4,12.0,7.8,8.1,77,2.25,0.0,0.0
2026-04-03 19:00:00+00:00,0.0,0.0,0.0,0.0,7.9,10.8,80,3.0,0.0,0.0
2026-04-03 20:00:00+00:00,0.0,0.0,0.0,0.0,6.6,9.3,100,2.583333333333333,0.0,0.0
2026-04-03 21:00:00+00:00,0.0,0.0,0.0,0.0,6.5,8.2,99,2.2777777777777777,0.0,0.0
2026-04-03 22:00:00+00:00,0.0,0.0,0.0,0.0,6.2,7.8,100,2.1666666666666665,0.0,0.0
2026-04-03 23:00:00+00:00,0.0,0.0,0.0,0.0,5.8,8.8,98,2.4444444444444446,0.0,0.0
2026-04-04 00:00:00+00:00,0.0,0.0,0.0,0.0,6.2,10.9,95,3.0277777777777777,0.0,0.0
2026-04-04 01:00:00+00:00,0.0,0.0,0.0,0.0,7.9,13.2,100,3.6666666666666665,0.0,0.0
2026-04-04 02:00:00+00:00,0.0,0.0,0.0,0.0,8.2,14.7,100,4.083333333333333,0.0,0.0
2026-04-04 03:00:00+00:00,0.0,0.0,0.0,0.0,8.1,14.7,100,4.083333333333333,0.0,0.0
2026-04-04 04:00:00+00:00,0.1697222222222222,0.0,0.0,0.0,7.6,14.8,100,4.111111111111112,0.0,0.0
2026-04-04 05:00:00+00:00,218.37416666666667,0.0,0.0,0.0,7.3,15.7,100,4.361111111111111,0.0,0.0
2026-04-04 06:00:00+00:00,681.2688888888889,14.0,0.0,14.0,7.5,13.5,100,3.75,222.61765498348203,212.50087987331185
2026-04-04 07:00:00+00:00,1180.598888888889,35.0,0.0,35.0,8.1,14.7,100,4.083333333333333,554.1114179644151,530.4844625376791
2026-04-04 08:00:00+00:00,1265.3225,71.0,2.3,70.0,8.9,16.7,100,4.638888888888888,1116.6393709502784,1073.7715206386936
2026-04-04 09:00:00+00:00,2201.365,107.0,3.6,105.0,10.0,14.9,88,4.138888888888889,1669.4619463196236,1607.9647027059054
2026-04-04 10:00:00+00:00,1891.6933333333332,488.0,319.8,278.0,12.6,20.9,100,5.805555555555555,7062.794887814233,7124.266962504893
2026-04-04 11:00:00+00:00,2851.3522222222223,172.0,9.8,165.0,12.1,18.2,100,5.055555555555555,2643.3354001419243,2545.4659360512874
2026-04-04 12:00:00+00:00,3134.581111111111,202.0,13.8,192.0,11.8,18.8,100,5.222222222222222,3096.4660747032967,2980.3413298555956
2026-04-04 13:00:00+00:00,2927.563611111111,175.0,16.0,164.0,12.4,18.0,100,5.0,2686.013065376841,2576.9442526134258
2026-04-04 14:00:00+00:00,1581.5938888888888,192.0,35.8,170.0,12.9,17.2,100,4.777777777777778,2932.951678650431,2828.1543147362236
2026-04-04 15:00:00+00:00,1107.1275,182.0,31.8,166.0,13.0,16.2,100,4.5,2786.127335743277,2708.7183672303468
2026-04-04 16:00:00+00:00,347.5636111111112,122.0,35.8,109.0,12.8,11.9,96,3.305555555555556,1970.5248094119506,1944.885561047901
2026-04-04 17:00:00+00:00,43.55027777777778,61.0,34.5,54.0,11.9,7.2,49,2.0,1609.0207773712004,1196.99937354182
2026-04-04 18:00:00+00:00,0.0,16.0,52.2,12.0,9.8,6.9,25,1.9166666666666667,0.0,0.0
2026-04-04 19:00:00+00:00,0.0,0.0,0.0,0.0,9.4,7.7,47,2.138888888888889,0.0,0.0
2026-04-04 20:00:00+00:00,0.0,0.0,0.0,0.0,8.4,7.7,90,2.138888888888889,0.0,0.0
2026-04-04 21:00:00+00:00,0.0,0.0,0.0,0.0,7.7,7.2,96,2.0,0.0,0.0
2026-04-04 22:00:00+00:00,0.0,0.0,0.0,0.0,7.5,7.8,98,2.1666666666666665,0.0,0.0
2026-04-04 23:00:00+00:00,0.0,0.0,0.0,0.0,6.9,7.9,2,2.1944444444444446,0.0,0.0
2026-04-05 00:00:00+00:00,0.0,0.0,0.0,0.0,6.5,7.4,48,2.055555555555556,0.0,0.0
2026-04-05 01:00:00+00:00,0.0,0.0,0.0,0.0,6.7,8.7,45,2.4166666666666665,0.0,0.0
2026-04-05 02:00:00+00:00,0.0,0.0,0.0,0.0,6.4,10.2,10,2.833333333333333,0.0,0.0
2026-04-05 03:00:00+00:00,0.0,0.0,0.0,0.0,6.0,10.3,48,2.861111111111111,0.0,0.0
2026-04-05 04:00:00+00:00,127.91666666666669,0.0,0.0,0.0,5.5,10.1,12,2.805555555555556,0.0,0.0
2026-04-05 05:00:00+00:00,1440.2888888888888,2.0,0.0,2.0,4.9,10.3,70,2.861111111111111,0.45522532304772156,30.586490189988183
2026-04-05 06:00:00+00:00,2422.467777777778,76.0,282.1,41.0,6.3,11.6,64,3.222222222222222,1248.206075178423,2401.4211202304273
2026-04-05 07:00:00+00:00,4376.56,230.0,531.5,76.0,8.8,10.6,37,2.944444444444444,3660.1364154203625,4476.110761458766
2026-04-05 08:00:00+00:00,7737.190715883669,401.0,720.8,83.0,11.6,11.3,58,3.138888888888889,5670.888067757312,6135.804309138585
2026-04-05 09:00:00+00:00,9404.785833333332,547.0,795.8,95.0,14.8,12.2,22,3.3888888888888884,7499.514257401165,7943.698327205738
2026-04-05 10:00:00+00:00,1123.2727777777775,657.0,843.4,99.0,17.4,14.5,35,4.027777777777778,8849.810186659226,9165.213262047715
2026-04-05 11:00:00+00:00,811.9652777777778,720.0,857.9,106.0,19.5,17.7,52,4.916666666666666,9585.577733723881,9731.45315669267
2026-04-05 12:00:00+00:00,808.8827777777777,707.0,820.3,111.0,20.5,20.7,41,5.75,9426.631573691324,9381.878380070413
2026-04-05 13:00:00+00:00,811.5683333333334,642.0,739.8,129.0,20.8,24.7,98,6.861111111111111,8617.96472911045,8419.476142399575
2026-04-05 14:00:00+00:00,809.0266666666666,536.0,630.4,146.0,19.9,25.3,95,7.027777777777778,7273.124432892346,7011.007730627233
2026-04-05 15:00:00+00:00,1100.8307735269475,417.0,573.6,126.0,19.6,21.0,88,5.833333333333333,5884.952959988568,5537.5905210364135
2026-04-05 16:00:00+00:00,556.6444444444444,277.0,397.8,131.0,18.4,15.6,95,4.333333333333333,5171.851980969198,4424.856612838803
2026-04-05 17:00:00+00:00,1.791111111111111,128.0,246.0,77.0,16.0,16.4,100,4.555555555555555,3553.2542484319592,2830.7626962392105
2026-04-05 18:00:00+00:00,0.0,18.0,12.7,17.0,15.6,17.9,100,4.972222222222221,0.0,0.0
2026-04-05 19:00:00+00:00,0.0,0.0,0.0,0.0,14.6,17.2,99,4.777777777777778,0.0,0.0
2026-04-05 20:00:00+00:00,0.0,0.0,0.0,0.0,13.2,15.7,95,4.361111111111111,0.0,0.0
2026-04-05 21:00:00+00:00,0.0,0.0,0.0,0.0,11.8,13.3,53,3.6944444444444446,0.0,0.0
2026-04-05 22:00:00+00:00,0.0,0.0,0.0,0.0,10.8,13.7,31,3.8055555555555554,0.0,0.0
2026-04-05 23:00:00+00:00,0.0,0.0,0.0,0.0,9.9,13.6,65,3.7777777777777777,0.0,0.0
2026-04-06 00:00:00+00:00,0.0,0.0,0.0,0.0,10.1,12.7,63,3.5277777777777777,0.0,0.0
2026-04-06 01:00:00+00:00,0.0,0.0,0.0,0.0,9.5,13.2,68,3.6666666666666665,0.0,0.0
2026-04-06 02:00:00+00:00,0.0,0.0,0.0,0.0,8.5,12.7,96,3.5277777777777777,0.0,0.0
2026-04-06 03:00:00+00:00,0.0,0.0,0.0,0.0,7.3,11.2,80,3.1111111111111107,0.0,0.0
2026-04-06 04:00:00+00:00,43.84722222222222,0.0,0.0,0.0,5.7,7.6,99,2.111111111111111,0.0,0.0
2026-04-06 05:00:00+00:00,1094.0716666666667,2.0,0.0,2.0,4.9,8.1,99,2.25,0.4552253057990462,30.588628333308836
2026-04-06 06:00:00+00:00,3348.838888888889,80.0,277.2,44.0,6.3,10.4,97,2.888888888888889,1321.4082205721804,2380.030128702251
2026-04-06 07:00:00+00:00,6486.040555555555,237.0,524.7,82.0,8.1,11.3,97,3.138888888888889,3767.3078611240626,4558.874427753214
2026-04-06 08:00:00+00:00,8112.315,405.0,685.2,99.0,9.4,12.5,94,3.4722222222222223,5781.4156147381655,6235.4703570036045
2026-04-06 09:00:00+00:00,8811.40111111111,559.0,797.3,102.0,10.4,12.0,0,3.333333333333333,7778.0842437559695,8251.947967786777
2026-04-06 10:00:00+00:00,4698.248611111111,682.0,877.6,97.0,11.4,12.2,11,3.3888888888888884,9343.649553669742,9703.610903350449
2026-04-06 11:00:00+00:00,810.5491666666667,749.0,910.6,93.0,12.2,11.9,15,3.305555555555556,10188.672673988214,10352.508374712563
2026-04-06 12:00:00+00:00,871.8647222222222,751.0,883.7,105.0,13.1,11.2,22,3.1111111111111107,10190.426491397346,10142.425940185969
2026-04-06 13:00:00+00:00,811.3008333333333,687.0,798.3,130.0,13.4,11.6,16,3.222222222222222,9359.125487469159,9175.282148366023
2026-04-06 14:00:00+00:00,3719.046944444444,603.0,772.3,122.0,13.4,11.8,12,3.2777777777777777,8236.675901338389,7871.265958516999
2026-04-06 15:00:00+00:00,5391.171944444444,484.0,762.7,94.0,13.2,11.2,33,3.1111111111111107,6901.066246248718,6310.0001860828215
2026-04-06 16:00:00+00:00,3304.0802777777776,328.0,676.5,77.0,12.4,10.1,24,2.805555555555556,6000.072511221473,5320.950560217877
2026-04-06 17:00:00+00:00,546.55,158.0,487.3,55.0,10.6,5.4,63,1.5,3916.278378451608,3521.3035688154528
2026-04-06 18:00:00+00:00,0.0,26.0,136.2,15.0,8.6,7.5,30,2.083333333333333,0.0,0.0
2026-04-06 19:00:00+00:00,0.0,0.0,0.0,0.0,8.4,9.9,36,2.75,0.0,0.0
2026-04-06 20:00:00+00:00,0.0,0.0,0.0,0.0,7.2,8.2,16,2.2777777777777777,0.0,0.0
2026-04-06 21:00:00+00:00,0.0,0.0,0.0,0.0,5.2,6.2,6,1.7222222222222223,0.0,0.0
2026-04-06 22:00:00+00:00,0.0,0.0,0.0,0.0,3.9,5.2,12,1.4444444444444444,0.0,0.0
2026-04-06 23:00:00+00:00,0.0,0.0,0.0,0.0,3.4,2.9,17,0.8055555555555555,0.0,0.0
2026-04-07 00:00:00+00:00,0.0,0.0,0.0,0.0,2.7,2.2,5,0.6111111111111112,0.0,0.0
2026-04-07 01:00:00+00:00,0.0,0.0,0.0,0.0,1.3,3.9,2,1.0833333333333333,0.0,0.0
2026-04-07 02:00:00+00:00,0.0,0.0,0.0,0.0,0.6,4.0,10,1.1111111111111112,0.0,0.0
2026-04-07 03:00:00+00:00,0.0,0.0,0.0,0.0,0.2,4.0,38,1.1111111111111112,0.0,0.0
2026-04-07 04:00:00+00:00,190.23777777777775,0.0,0.0,0.0,-0.2,3.5,5,0.9722222222222222,0.0,0.0
2026-04-07 05:00:00+00:00,1752.1883333333333,3.0,23.7,2.0,-0.5,3.1,0,0.8611111111111112,0.696488603088713,180.4822305065163
2026-04-07 06:00:00+00:00,4424.939444444444,89.0,376.0,38.0,1.7,4.0,0,1.1111111111111112,1532.9563259528718,2890.094301761623
2026-04-07 07:00:00+00:00,6119.211666666667,251.0,608.1,68.0,5.1,2.8,0,0.7777777777777777,4014.1412846362073,4857.981371735608
2026-04-07 08:00:00+00:00,8256.982777777777,420.0,743.5,84.0,8.2,2.9,0,0.8055555555555555,5972.344685458875,6460.270387746915
2026-04-07 09:00:00+00:00,9765.328055555556,567.0,817.9,94.0,10.7,4.9,0,1.3611111111111112,7846.603151293772,8312.122764148642
2026-04-07 10:00:00+00:00,4890.012222222223,677.0,859.3,100.0,12.1,7.2,19,2.0,9254.060637178733,9588.681718139958
2026-04-07 11:00:00+00:00,1515.6955555555555,738.0,874.4,104.0,13.1,7.1,64,1.972222222222222,10010.746904246882,10162.251979680852
2026-04-07 12:00:00+00:00,2250.123611111111,749.0,873.0,107.0,14.2,7.0,30,1.9444444444444444,10103.026431518518,10053.613754534754
2026-04-07 13:00:00+00:00,924.9366666666666,707.0,859.0,104.0,14.9,8.5,0,2.361111111111111,9529.94379020317,9288.802462706702
2026-04-07 14:00:00+00:00,4764.121944444444,616.0,826.3,98.0,15.0,9.1,0,2.5277777777777777,8337.188176927493,7910.189740630361
2026-04-07 15:00:00+00:00,5321.710277777778,486.0,770.3,89.0,14.8,9.7,0,2.694444444444444,6849.862761999887,6269.174126406828
2026-04-07 16:00:00+00:00,3355.1366666666668,328.0,674.6,75.0,14.2,8.5,0,2.361111111111111,5931.211493097005,5252.664995810012
2026-04-07 17:00:00+00:00,624.1863888888889,161.0,496.7,54.0,12.1,6.0,0,1.6666666666666663,3979.94567130354,3558.530113601748
2026-04-07 18:00:00+00:00,0.0,28.0,157.0,15.0,9.6,8.7,0,2.4166666666666665,0.0,0.0
2026-04-07 19:00:00+00:00,0.0,0.0,0.0,0.0,9.1,12.5,0,3.4722222222222223,0.0,0.0
2026-04-07 20:00:00+00:00,0.0,0.0,0.0,0.0,7.8,12.5,0,3.4722222222222223,0.0,0.0
2026-04-07 21:00:00+00:00,0.0,0.0,0.0,0.0,6.1,8.6,0,2.388888888888889,0.0,0.0
2026-04-07 22:00:00+00:00,0.0,0.0,0.0,0.0,4.2,6.6,0,1.8333333333333333,0.0,0.0
2026-04-07 23:00:00+00:00,0.0,0.0,0.0,0.0,3.5,6.7,0,1.8611111111111112,0.0,0.0
2026-04-08 00:00:00+00:00,0.0,0.0,0.0,0.0,3.3,7.4,0,2.055555555555556,0.0,0.0
2026-04-08 01:00:00+00:00,0.0,0.0,0.0,0.0,2.3,6.4,0,1.777777777777778,0.0,0.0
2026-04-08 02:00:00+00:00,0.0,0.0,0.0,0.0,1.6,6.0,0,1.6666666666666663,0.0,0.0
2026-04-08 03:00:00+00:00,0.0,0.0,0.0,0.0,1.2,6.5,0,1.805555555555556,0.0,0.0
2026-04-08 04:00:00+00:00,269.7325,0.0,0.0,0.0,0.9,6.7,0,1.8611111111111112,0.0,0.0
2026-04-08 05:00:00+00:00,2116.075277777778,4.0,22.2,3.0,0.6,6.2,0,1.7222222222222223,0.9249423001295919,189.11714681543222
2026-04-08 06:00:00+00:00,4734.166944444444,97.0,410.5,39.0,2.8,7.8,0,2.1666666666666665,1692.69708611555,3088.913327781021
2026-04-08 07:00:00+00:00,6480.807222222223,265.0,642.8,68.0,5.2,5.1,0,1.4166666666666663,4218.264686241195,5069.156934049203
2026-04-08 08:00:00+00:00,8591.904166666667,438.0,774.2,84.0,7.8,6.1,0,1.6944444444444442,6188.5576494414445,6728.102776684174
2026-04-08 09:00:00+00:00,10090.176666666666,587.0,846.8,93.0,9.6,6.4,0,1.777777777777778,8113.59523618005,8619.764152987585
2026-04-08 10:00:00+00:00,10888.942222222222,698.0,885.8,99.0,11.1,6.3,0,1.75,9524.805590196744,9890.291395062042
2026-04-08 11:00:00+00:00,10864.196944444444,764.0,906.0,103.0,12.3,5.3,0,1.472222222222222,10335.12871292184,10506.360979660883
2026-04-08 12:00:00+00:00,10151.070277777775,776.0,909.7,103.0,13.4,4.2,0,1.1666666666666667,10445.034147054646,10390.152874119529
2026-04-08 13:00:00+00:00,8774.628333333334,737.0,902.1,100.0,13.9,6.0,1,1.6666666666666663,9931.857884746974,9648.697925355005
2026-04-08 14:00:00+00:00,6960.813055555555,645.0,871.7,95.0,13.9,7.2,36,2.0,8747.402718548414,8258.268099109935
2026-04-08 15:00:00+00:00,5394.348333333333,509.0,804.9,91.0,13.7,6.9,30,1.9166666666666667,7162.331409581353,6531.4452794246445
2026-04-08 16:00:00+00:00,3470.301111111111,344.0,699.2,79.0,13.1,5.5,16,1.5277777777777777,6153.636760269815,5476.356283623669
2026-04-08 17:00:00+00:00,617.5680555555556,172.0,528.5,56.0,11.1,4.7,3,1.3055555555555556,4052.3515020033633,3762.471866309411
2026-04-08 18:00:00+00:00,0.0,31.0,176.9,16.0,9.3,4.2,7,1.1666666666666667,0.0,0.0
2026-04-08 19:00:00+00:00,0.0,0.0,0.0,0.0,6.8,6.6,9,1.8333333333333333,0.0,0.0
2026-04-08 20:00:00+00:00,0.0,0.0,0.0,0.0,5.3,5.5,11,1.5277777777777777,0.0,0.0
2026-04-08 21:00:00+00:00,0.0,0.0,0.0,0.0,4.3,4.5,29,1.25,0.0,0.0
2026-04-08 22:00:00+00:00,0.0,0.0,0.0,0.0,3.5,6.9,67,1.9166666666666667,0.0,0.0
2026-04-08 23:00:00+00:00,0.0,0.0,0.0,0.0,4.0,7.8,77,2.1666666666666665,0.0,0.0
2026-04-09 00:00:00+00:00,0.0,0.0,0.0,0.0,3.3,6.9,100,1.9166666666666667,0.0,0.0
2026-04-09 01:00:00+00:00,0.0,0.0,0.0,0.0,3.1,6.5,61,1.805555555555556,0.0,0.0
2026-04-09 02:00:00+00:00,0.0,0.0,0.0,0.0,2.2,6.5,100,1.805555555555556,0.0,0.0
2026-04-09 03:00:00+00:00,0.0,0.0,0.0,0.0,1.6,5.4,100,1.5,0.0,0.0
2026-04-09 04:00:00+00:00,207.57888888888888,0.0,0.0,0.0,1.2,4.2,99,1.1666666666666667,0.0,0.0
2026-04-09 05:00:00+00:00,1444.319166666667,5.0,0.0,5.0,0.8,5.2,100,1.4444444444444444,1.1553334226431857,77.70767670006113
2026-04-09 06:00:00+00:00,3438.508888888889,82.0,129.3,63.0,2.3,7.0,100,1.9444444444444444,1342.5825716640675,1884.2707777505511
2026-04-09 07:00:00+00:00,4736.271111111111,211.0,269.3,127.0,4.6,3.3,100,0.9166666666666666,3353.852845700205,3745.9662344165845
2026-04-09 08:00:00+00:00,7620.079166666666,353.0,372.0,181.0,7.2,4.2,99,1.1666666666666667,5225.839183701477,5480.978705692233
2026-04-09 09:00:00+00:00,9440.448055555556,527.0,572.8,190.0,9.5,4.5,98,1.25,7481.955977823006,7806.830171416645
2026-04-09 10:00:00+00:00,8760.483055555556,671.0,763.6,151.0,11.2,4.1,100,1.1388888888888888,9233.763777871061,9575.559892150919
2026-04-09 11:00:00+00:00,8757.6,706.0,698.9,193.0,12.3,3.4,100,0.9444444444444444,9694.46866788786,9876.630725297005
2026-04-09 12:00:00+00:00,10563.736666666666,727.0,716.4,194.0,12.9,3.8,70,1.0555555555555556,9903.663800988557,9951.26708947293
2026-04-09 13:00:00+00:00,10307.8325,634.0,601.2,207.0,13.4,4.3,2,1.1944444444444444,8748.549305299604,8636.624987736719
2026-04-09 14:00:00+00:00,7021.3025,641.0,861.6,94.0,13.8,4.2,2,1.1666666666666667,8680.383662020358,8206.790632116434
2026-04-09 15:00:00+00:00,6224.952777777778,504.0,793.1,89.0,13.8,4.4,0,1.2222222222222223,7052.713086882274,6442.177369214371
2026-04-09 16:00:00+00:00,3985.805833333333,343.0,697.2,76.0,13.3,4.1,0,1.1388888888888888,6110.373709939377,5427.083593982311
2026-04-09 17:00:00+00:00,877.8477777777778,173.0,523.5,56.0,11.6,3.2,0,0.888888888888889,4140.896038660331,3750.4009759483606
2026-04-09 18:00:00+00:00,0.0,33.0,184.3,17.0,9.9,1.8,0,0.5,0.0,0.0
2026-04-09 19:00:00+00:00,0.0,0.0,0.0,0.0,9.1,0.8,2,0.2222222222222222,0.0,0.0
2026-04-09 20:00:00+00:00,0.0,0.0,0.0,0.0,6.3,5.0,1,1.3888888888888888,0.0,0.0
2026-04-09 21:00:00+00:00,0.0,0.0,0.0,0.0,4.7,3.6,24,1.0,0.0,0.0
2026-04-09 22:00:00+00:00,0.0,0.0,0.0,0.0,3.5,6.0,76,1.6666666666666663,0.0,0.0
2026-04-09 23:00:00+00:00,0.0,0.0,0.0,0.0,4.2,7.9,100,2.1944444444444446,0.0,0.0
2026-04-10 00:00:00+00:00,0.0,0.0,0.0,0.0,4.8,6.7,96,1.8611111111111112,0.0,0.0
2026-04-10 01:00:00+00:00,0.0,0.0,0.0,0.0,3.8,9.0,100,2.5,0.0,0.0
2026-04-10 02:00:00+00:00,0.0,0.0,0.0,0.0,3.4,6.7,100,1.8611111111111112,0.0,0.0
2026-04-10 03:00:00+00:00,0.0,0.0,0.0,0.0,3.6,6.7,100,1.8611111111111112,0.0,0.0
2026-04-10 04:00:00+00:00,9.953333333333331,0.0,0.0,0.0,3.8,4.9,100,1.3611111111111112,0.0,0.0
2026-04-10 05:00:00+00:00,122.98305555555557,3.0,0.0,3.0,4.0,6.3,100,1.75,0.6851122067012788,46.06048440111536
2026-04-10 06:00:00+00:00,318.2511111111112,25.0,0.0,25.0,3.6,9.4,100,2.611111111111111,402.8627083035439,385.15431710191115
2026-04-10 07:00:00+00:00,478.3722222222222,84.0,12.6,80.0,4.6,4.7,100,1.3055555555555556,1340.0240319422414,1308.1691805941218
2026-04-10 08:00:00+00:00,636.0708333333333,89.0,6.4,86.0,5.2,4.9,100,1.3611111111111112,1415.8609955081918,1364.660918643792
2026-04-10 09:00:00+00:00,438.1511111111111,186.0,11.8,179.0,6.7,5.2,100,1.4444444444444444,2908.47954966676,2804.2189127879515
2026-04-10 10:00:00+00:00,1390.043888888889,201.0,13.1,192.0,7.8,1.1,100,0.3055555555555556,3121.621053343269,3011.0724307655896
2026-04-10 11:00:00+00:00,1332.7127777777778,213.0,8.1,207.0,8.6,4.2,100,1.1666666666666667,3293.9599492902685,3178.1009370637807
2026-04-10 12:00:00+00:00,2380.3544444444447,504.0,233.9,329.0,7.4,6.3,100,1.75,7450.439789152087,7317.867074109379
2026-04-10 13:00:00+00:00,2111.6047222222223,283.0,26.6,264.0,8.8,11.2,100,3.1111111111111107,4334.740813080069,4175.940120845843
2026-04-10 14:00:00+00:00,1923.4383333333333,242.0,14.1,233.0,9.6,10.1,100,2.805555555555556,3712.175532988745,3577.4669037831227
2026-04-10 15:00:00+00:00,955.3266666666668,224.0,37.9,204.0,10.1,11.8,100,3.2777777777777777,3436.392335874615,3338.8219819200976
2026-04-10 16:00:00+00:00,408.37916666666666,154.0,33.6,141.0,10.1,9.7,100,2.694444444444444,2554.932542654392,2474.423244022138
2026-04-10 17:00:00+00:00,57.6475,78.0,8.8,76.0,9.6,3.5,100,0.9722222222222222,1939.6096637161459,1412.4555218309767
2026-04-10 18:00:00+00:00,0.0,20.0,0.0,20.0,7.1,3.1,100,0.8611111111111112,0.0,0.0
2026-04-10 19:00:00+00:00,0.0,0.0,0.0,0.0,6.2,2.3,100,0.6388888888888888,0.0,0.0
2026-04-10 20:00:00+00:00,0.0,0.0,0.0,0.0,5.4,1.7,100,0.4722222222222222,0.0,0.0
2026-04-10 21:00:00+00:00,0.0,0.0,0.0,0.0,3.8,4.9,100,1.3611111111111112,0.0,0.0
2026-04-10 22:00:00+00:00,0.0,0.0,0.0,0.0,3.2,6.1,100,1.6944444444444442,0.0,0.0
2026-04-10 23:00:00+00:00,0.0,0.0,0.0,0.0,2.5,5.7,100,1.5833333333333333,0.0,0.0
2026-04-11 00:00:00+00:00,0.0,0.0,0.0,0.0,2.6,6.0,98,1.6666666666666663,0.0,0.0
2026-04-11 01:00:00+00:00,0.0,0.0,0.0,0.0,1.8,6.0,96,1.6666666666666663,0.0,0.0
2026-04-11 02:00:00+00:00,0.0,0.0,0.0,0.0,1.5,6.3,29,1.75,0.0,0.0
2026-04-11 03:00:00+00:00,0.0,0.0,0.0,0.0,0.8,5.8,41,1.611111111111111,0.0,0.0
2026-04-11 04:00:00+00:00,99.10972222222222,0.0,0.0,0.0,0.5,6.1,93,1.6944444444444442,0.0,0.0
2026-04-11 05:00:00+00:00,691.3194444444445,7.0,18.7,6.0,0.8,6.1,23,1.6944444444444442,114.17699927850101,219.13241353317363
2026-04-11 06:00:00+00:00,2374.027777777778,103.0,348.3,48.0,2.5,5.1,76,1.4166666666666663,1765.3532404999316,2953.271486233591
2026-04-11 07:00:00+00:00,5542.263888888889,250.0,474.5,97.0,5.1,4.2,45,1.1666666666666667,3938.350953126724,4605.640156239289
2026-04-11 08:00:00+00:00,6603.195833333333,416.0,634.8,116.0,7.6,8.1,43,2.25,6003.715263000959,6425.652373533461
2026-04-11 09:00:00+00:00,9123.172777777778,576.0,784.3,107.0,9.6,9.8,86,2.7222222222222223,8045.802473174326,8494.640884577357
2026-04-11 10:00:00+00:00,5363.381111111111,686.0,833.2,111.0,11.1,9.2,97,2.555555555555556,9441.81806961293,9768.164253150178
2026-04-11 11:00:00+00:00,2295.051388888889,745.0,833.4,126.0,12.5,8.9,99,2.4722222222222223,10152.595027554169,10321.286576701606
2026-04-11 12:00:00+00:00,1247.4516666666666,745.0,788.2,152.0,13.1,9.1,96,2.5277777777777777,10133.68425122361,10137.49651466656
2026-04-11 13:00:00+00:00,4846.640555555556,710.0,797.8,137.0,13.9,8.3,88,2.305555555555556,9611.718407683476,9431.02517946944
2026-04-11 14:00:00+00:00,7041.820555555556,633.0,816.9,108.0,14.3,8.8,25,2.4444444444444446,8573.936058394285,8167.639657374371
2026-04-11 15:00:00+00:00,5391.479722222222,505.0,781.6,90.0,14.4,8.9,0,2.4722222222222223,7010.995540495371,6423.258928222859
2026-04-11 16:00:00+00:00,3459.905,345.0,680.8,79.0,13.6,9.6,0,2.6666666666666665,6101.992491342997,5418.456327796119
2026-04-11 17:00:00+00:00,636.6538888888889,176.0,509.9,58.0,11.8,9.9,0,2.75,4272.1935357250195,3747.83678785291
2026-04-11 18:00:00+00:00,0.0,36.0,198.4,18.0,10.1,9.9,16,2.75,0.0,0.0
2026-04-11 19:00:00+00:00,0.0,0.0,0.0,0.0,8.8,9.6,48,2.6666666666666665,0.0,0.0
2026-04-11 20:00:00+00:00,0.0,0.0,0.0,0.0,7.3,8.3,74,2.305555555555556,0.0,0.0
2026-04-11 21:00:00+00:00,0.0,0.0,0.0,0.0,6.2,7.3,23,2.0277777777777777,0.0,0.0
2026-04-11 22:00:00+00:00,0.0,0.0,0.0,0.0,6.1,8.0,1,2.2222222222222223,0.0,0.0
2026-04-11 23:00:00+00:00,0.0,0.0,0.0,0.0,5.8,6.8,100,1.8888888888888888,0.0,0.0
2026-04-12 00:00:00+00:00,0.0,0.0,0.0,0.0,7.7,7.3,84,2.0277777777777777,0.0,0.0
2026-04-12 01:00:00+00:00,0.0,0.0,0.0,0.0,7.4,6.6,88,1.8333333333333333,0.0,0.0
2026-04-12 02:00:00+00:00,0.0,0.0,0.0,0.0,7.2,4.7,100,1.3055555555555556,0.0,0.0
2026-04-12 03:00:00+00:00,0.0,0.0,0.0,0.0,7.1,5.0,100,1.3888888888888888,0.0,0.0
2026-04-12 04:00:00+00:00,52.013888888888886,0.0,0.0,0.0,6.7,3.4,100,0.9444444444444444,0.0,0.0
2026-04-12 05:00:00+00:00,479.3894444444445,2.0,0.0,2.0,6.6,7.1,100,1.972222222222222,31.948509511555216,30.408234343238263
2026-04-12 06:00:00+00:00,1341.1258333333333,14.0,0.0,14.0,7.1,5.7,100,1.5833333333333333,222.93606517884137,212.85028072158607
2026-04-12 07:00:00+00:00,1078.2558333333334,47.0,0.0,47.0,7.6,6.9,100,1.9166666666666667,744.4109991554543,713.529288685239
2026-04-12 08:00:00+00:00,4229.801944444444,41.0,0.0,41.0,7.1,3.9,100,1.0833333333333333,650.9673343059956,624.3983176371642
2026-04-12 09:00:00+00:00,5187.540277777778,75.0,1.7,74.0,7.1,4.1,100,1.1388888888888888,1186.4126636392452,1142.0880736044
2026-04-12 10:00:00+00:00,7963.435833333333,129.0,0.0,129.0,8.0,3.3,100,0.9166666666666666,2021.6032768865296,1947.8368614808458
2026-04-12 11:00:00+00:00,7372.034722222223,105.0,0.0,105.0,8.2,3.9,100,1.0833333333333333,1648.6609878419956,1589.2510788721443
2026-04-12 12:00:00+00:00,6002.019444444444,133.0,2.6,131.0,8.8,3.1,100,0.8611111111111112,2077.000674653072,2000.1532204562134
2026-04-12 13:00:00+00:00,5402.26,214.0,31.9,191.0,9.9,5.2,100,1.4444444444444444,3293.777156454577,3191.666336325144
2026-04-12 14:00:00+00:00,4099.587222222222,192.0,40.2,166.0,9.7,8.4,100,2.333333333333333,2967.0875677527924,2855.107364087806
2026-04-12 15:00:00+00:00,2621.0641666666666,76.0,0.0,76.0,8.4,10.6,100,2.944444444444444,1196.586477831503,1149.592512853844
2026-04-12 16:00:00+00:00,976.1486111111112,128.0,20.3,120.0,8.4,11.3,100,3.138888888888889,2055.480104620666,1986.182771258498
2026-04-12 17:00:00+00:00,168.93166666666667,83.0,29.7,76.0,7.8,10.0,100,2.7777777777777777,2022.6121450628916,1588.0765305557582
2026-04-12 18:00:00+00:00,0.0,18.0,0.0,18.0,7.3,8.1,100,2.25,0.0,0.0
2026-04-12 19:00:00+00:00,0.0,0.0,0.0,0.0,6.8,9.1,100,2.5277777777777777,0.0,0.0
2026-04-12 20:00:00+00:00,0.0,0.0,0.0,0.0,6.6,10.1,100,2.805555555555556,0.0,0.0
2026-04-12 21:00:00+00:00,0.0,0.0,0.0,0.0,6.5,8.5,100,2.361111111111111,0.0,0.0
2026-04-12 22:00:00+00:00,0.0,0.0,0.0,0.0,6.3,8.2,100,2.2777777777777777,0.0,0.0
2026-04-12 23:00:00+00:00,0.0,0.0,0.0,0.0,6.1,6.9,100,1.9166666666666667,0.0,0.0
2026-04-13 00:00:00+00:00,0.0,0.0,0.0,0.0,5.4,7.1,76,1.972222222222222,0.0,0.0
2026-04-13 01:00:00+00:00,0.0,0.0,0.0,0.0,4.6,5.4,97,1.5,0.0,0.0
2026-04-13 02:00:00+00:00,0.0,0.0,0.0,0.0,3.8,5.2,100,1.4444444444444444,0.0,0.0
2026-04-13 03:00:00+00:00,0.0,0.0,0.0,0.0,3.8,6.5,94,1.805555555555556,0.0,0.0
2026-04-13 04:00:00+00:00,50.92444444444445,0.0,0.0,0.0,3.2,5.7,100,1.5833333333333333,0.0,0.0
2026-04-13 05:00:00+00:00,647.4202777777778,9.0,0.0,9.0,3.5,4.6,98,1.2777777777777777,145.32063438468404,138.6352113424515
2026-04-13 06:00:00+00:00,1732.7780555555555,99.0,201.7,65.0,4.9,6.1,100,1.6944444444444442,1633.10396775086,2302.757837450662
2026-04-13 07:00:00+00:00,3284.6413888888887,219.0,252.4,135.0,6.9,5.9,100,1.6388888888888888,3420.9716917717847,3752.6142952046894
2026-04-13 08:00:00+00:00,5074.044444444445,306.0,186.6,216.0,9.1,4.8,100,1.3333333333333333,4594.056331181225,4645.274777662935
2026-04-13 09:00:00+00:00,6072.3625,478.0,383.7,245.0,11.5,6.8,100,1.8888888888888888,6881.458299796069,7032.845728604468
2026-04-13 10:00:00+00:00,6652.606111111111,578.0,420.6,284.0,13.4,6.4,100,1.777777777777778,8151.040414396927,8307.33257219763
2026-04-13 11:00:00+00:00,6453.432777777778,516.0,226.3,346.0,14.4,5.4,100,1.5,7402.673322731774,7327.138901464473
2026-04-13 12:00:00+00:00,5690.598055555555,472.0,188.1,329.0,11.7,8.7,100,2.4166666666666665,6918.738656703108,6789.401877528187
2026-04-13 13:00:00+00:00,3373.761388888889,449.0,141.9,346.0,14.1,5.1,100,1.4166666666666663,6519.432224260602,6393.5214548336335
2026-04-13 14:00:00+00:00,2337.285277777778,247.0,16.9,236.0,14.4,5.8,100,1.611111111111111,3713.8374516924077,3576.985192440746
2026-04-13 15:00:00+00:00,1898.8483333333331,224.0,66.8,188.0,14.9,6.2,100,1.7222222222222223,3365.6926465479546,3230.260755320275
2026-04-13 16:00:00+00:00,975.5366666666666,209.0,108.0,166.0,15.4,5.4,99,1.5,3553.1994956405615,3265.9440366225376
2026-04-13 17:00:00+00:00,185.10916666666665,123.0,150.5,87.0,14.6,2.7,55,0.75,3595.2934518357197,2447.440021270832
2026-04-13 18:00:00+00:00,0.0,36.0,137.4,23.0,11.4,8.3,58,2.305555555555556,0.0,0.0
2026-04-13 19:00:00+00:00,0.0,0.0,0.0,0.0,10.1,7.8,100,2.1666666666666665,0.0,0.0
2026-04-13 20:00:00+00:00,0.0,0.0,0.0,0.0,9.2,7.5,100,2.083333333333333,0.0,0.0
2026-04-13 21:00:00+00:00,0.0,0.0,0.0,0.0,8.8,7.8,96,2.1666666666666665,0.0,0.0
2026-04-13 22:00:00+00:00,0.0,0.0,0.0,0.0,8.1,5.0,100,1.3888888888888888,0.0,0.0
2026-04-13 23:00:00+00:00,0.0,0.0,0.0,0.0,8.2,5.4,99,1.5,0.0,0.0
2026-04-14 00:00:00+00:00,0.0,0.0,0.0,0.0,8.7,8.4,84,2.333333333333333,0.0,0.0
2026-04-14 01:00:00+00:00,0.0,0.0,0.0,0.0,8.2,11.6,86,3.222222222222222,0.0,0.0
2026-04-14 02:00:00+00:00,0.0,0.0,0.0,0.0,8.0,7.5,99,2.083333333333333,0.0,0.0
2026-04-14 03:00:00+00:00,0.0,0.0,0.0,0.0,8.1,8.4,99,2.333333333333333,0.0,0.0
2026-04-14 04:00:00+00:00,30.535833333333333,0.0,0.0,0.0,7.8,9.9,98,2.75,0.0,0.0
2026-04-14 05:00:00+00:00,309.9675,8.0,0.0,8.0,7.8,10.0,100,2.7777777777777777,127.14319793798026,121.24647648167168
2026-04-14 06:00:00+00:00,1024.5347222222222,58.0,28.8,53.0,8.9,12.9,100,3.583333333333333,913.2635684818788,990.4597971348619
2026-04-14 07:00:00+00:00,1248.253333333333,158.0,77.0,132.0,9.9,12.4,100,3.4444444444444446,2453.342495966167,2501.8420951312582
2026-04-14 08:00:00+00:00,1046.1416666666669,164.0,16.4,156.0,10.1,12.7,100,3.5277777777777777,2541.4614426671665,2450.4885974455374
2026-04-14 09:00:00+00:00,1302.0605555555555,159.0,0.0,159.0,10.2,12.5,100,3.4722222222222223,2464.9511211839376,2372.3875811049397
2026-04-14 10:00:00+00:00,1138.2266666666667,206.0,12.8,197.0,10.6,13.8,100,3.8333333333333335,3167.877289231688,3056.9554075540623
2026-04-14 11:00:00+00:00,1565.1691666666666,210.0,10.6,202.0,10.9,13.3,100,3.6944444444444446,3223.858852342479,3110.5397726878537
2026-04-14 12:00:00+00:00,1896.2802777777777,310.0,40.6,279.0,9.9,12.0,100,3.333333333333333,4714.4054841753605,4591.233417220757
2026-04-14 13:00:00+00:00,1663.55,186.0,11.0,178.0,11.0,11.1,100,3.083333333333333,2863.528564049113,2754.061872291829
2026-04-14 14:00:00+00:00,663.3805555555556,185.0,13.8,176.0,11.5,11.0,100,3.055555555555556,2843.031601984487,2727.908077838754
2026-04-14 15:00:00+00:00,348.7002777777778,174.0,5.5,171.0,11.6,11.4,100,3.1666666666666665,2674.3959452265162,2574.561073539711
2026-04-14 16:00:00+00:00,264.7366666666667,147.0,17.4,140.0,11.4,11.5,100,3.194444444444444,2364.6884550437617,2261.5775065498915
2026-04-14 17:00:00+00:00,33.990833333333335,82.0,37.0,73.0,10.7,8.1,100,2.25,1825.9206907999826,1509.5237428731386
2026-04-14 18:00:00+00:00,0.0,17.0,0.0,17.0,9.8,7.3,100,2.0277777777777777,0.0,0.0
2026-04-14 19:00:00+00:00,0.0,0.0,0.0,0.0,9.2,9.1,100,2.5277777777777777,0.0,0.0
2026-04-14 20:00:00+00:00,0.0,0.0,0.0,0.0,8.8,9.2,100,2.555555555555556,0.0,0.0
2026-04-14 21:00:00+00:00,0.0,0.0,0.0,0.0,8.4,8.1,100,2.25,0.0,0.0
2026-04-14 22:00:00+00:00,0.0,0.0,0.0,0.0,8.1,7.6,100,2.111111111111111,0.0,0.0
2026-04-14 23:00:00+00:00,0.0,0.0,0.0,0.0,7.9,6.5,100,1.805555555555556,0.0,0.0
2026-04-15 00:00:00+00:00,0.0,0.0,0.0,0.0,7.7,7.2,100,2.0,0.0,0.0
2026-04-15 01:00:00+00:00,0.0,0.0,0.0,0.0,7.1,6.0,99,1.6666666666666663,0.0,0.0
2026-04-15 02:00:00+00:00,0.0,0.0,0.0,0.0,7.3,6.8,99,1.8888888888888888,0.0,0.0
2026-04-15 03:00:00+00:00,0.0,0.0,0.0,0.0,7.2,7.2,100,2.0,0.0,0.0
2026-04-15 04:00:00+00:00,38.806666666666665,0.0,0.0,0.0,6.8,6.9,100,1.9166666666666667,0.0,0.0
2026-04-15 05:00:00+00:00,424.3122222222222,7.0,0.0,7.0,7.1,7.2,100,2.0,111.55228879596181,106.34179793476822
2026-04-15 06:00:00+00:00,996.0919444444444,71.0,83.7,56.0,7.9,6.9,91,1.9166666666666667,1120.3827409766193,1409.3418203670076
2026-04-15 07:00:00+00:00,2133.985833333333,157.0,113.7,118.0,9.1,6.7,100,1.8611111111111112,2443.30415604821,2574.6005335562472
2026-04-15 08:00:00+00:00,5072.505833333334,218.0,85.4,176.0,10.4,8.6,100,2.388888888888889,3337.678053206917,3331.970155100481
2026-04-15 09:00:00+00:00,7269.975,363.0,160.6,264.0,12.1,7.5,100,2.083333333333333,5385.561205111737,5371.449661218544
2026-04-15 10:00:00+00:00,4926.573333333334,391.0,107.4,315.0,13.3,6.1,100,1.6944444444444442,5770.918411437742,5713.797558695766
2026-04-15 11:00:00+00:00,5104.92,401.0,105.3,321.0,14.1,6.3,100,1.75,5901.8298283847735,5819.067845900234
2026-04-15 12:00:00+00:00,5541.310277777778,407.0,115.8,318.0,13.6,5.6,100,1.5555555555555554,5994.404233299047,5885.325062101253
2026-04-15 13:00:00+00:00,4002.738611111111,339.0,60.0,295.0,14.1,5.1,100,1.4166666666666663,5034.923040608682,4892.551547659622
2026-04-15 14:00:00+00:00,3534.6497222222224,315.0,94.3,253.0,14.4,4.0,100,1.1111111111111112,4675.230687463974,4500.545860881899
2026-04-15 15:00:00+00:00,4484.386944444444,248.0,69.6,210.0,14.6,3.5,100,0.9722222222222222,3706.2120638161177,3566.5952236649873
2026-04-15 16:00:00+00:00,373.78583333333336,168.0,66.5,141.0,14.5,3.1,60,0.8611111111111112,2713.1226462261443,2610.953124590612
2026-04-15 17:00:00+00:00,75.95833333333333,93.0,68.8,76.0,13.9,2.2,99,0.6111111111111112,2170.7930273552283,1774.638035517353
2026-04-15 18:00:00+00:00,0.0,25.0,60.9,19.0,12.7,4.4,99,1.2222222222222223,0.0,0.0
2026-04-15 19:00:00+00:00,0.0,0.0,0.0,0.0,11.2,5.5,100,1.5277777777777777,0.0,0.0
2026-04-15 20:00:00+00:00,0.0,0.0,0.0,0.0,9.9,5.7,80,1.5833333333333333,0.0,0.0
2026-04-15 21:00:00+00:00,0.0,0.0,0.0,0.0,9.2,3.9,64,1.0833333333333333,0.0,0.0
2026-04-15 22:00:00+00:00,0.0,0.0,0.0,0.0,9.2,0.5,100,0.1388888888888889,0.0,0.0
2026-04-15 23:00:00+00:00,0.0,0.0,0.0,0.0,9.5,3.7,100,1.027777777777778,0.0,0.0
2026-04-16 00:00:00+00:00,0.0,0.0,0.0,0.0,9.8,3.4,100,0.9444444444444444,0.0,0.0
2026-04-16 01:00:00+00:00,0.0,0.0,0.0,0.0,9.4,3.0,100,0.8333333333333333,0.0,0.0
2026-04-16 02:00:00+00:00,0.0,0.0,0.0,0.0,9.2,2.7,100,0.75,0.0,0.0
2026-04-16 03:00:00+00:00,0.0,0.0,0.0,0.0,9.1,2.9,100,0.8055555555555555,0.0,0.0
2026-04-16 04:00:00+00:00,4.733888888888889,0.0,0.0,0.0,9.1,4.0,100,1.1111111111111112,0.0,0.0
2026-04-16 05:00:00+00:00,508.5325,3.0,0.0,3.0,9.1,5.0,100,1.3888888888888888,47.47103696333286,45.20157782699572
2026-04-16 06:00:00+00:00,1330.8305555555555,19.0,0.0,19.0,10.0,7.1,100,1.972222222222222,299.11901287727983,285.79026212847816
2026-04-16 07:00:00+00:00,3009.096111111111,46.0,0.0,46.0,10.3,6.1,100,1.6944444444444442,721.2402661581405,691.3518061547119
2026-04-16 08:00:00+00:00,3774.2347222222224,160.0,102.6,109.0,11.8,5.8,98,1.611111111111111,2463.2746990274013,2468.372439072347
2026-04-16 09:00:00+00:00,1782.598888888889,289.0,149.8,196.0,13.1,5.1,74,1.4166666666666663,4335.844919650092,4310.541125132054
2026-04-16 10:00:00+00:00,4264.305555555556,374.0,269.7,182.0,14.1,5.1,36,1.4166666666666663,5520.219588632718,5542.901905978646
2026-04-16 11:00:00+00:00,1386.003888888889,621.0,559.3,194.0,15.8,5.9,45,1.6388888888888888,8652.50174581006,8690.29794263019
2026-04-16 12:00:00+00:00,3827.681944444445,599.0,520.6,197.0,16.3,8.9,34,2.4722222222222223,8384.041934591884,8290.260997289693
2026-04-16 13:00:00+00:00,6585.389166666667,565.0,535.7,170.0,17.0,6.7,33,1.8611111111111112,7892.425635190545,7664.305161798316
2026-04-16 14:00:00+00:00,6076.353888888889,507.0,547.3,145.0,17.6,8.0,77,2.2222222222222223,7055.701746130533,6727.702599219557
2026-04-16 15:00:00+00:00,3551.4908333333333,412.0,493.1,141.0,17.4,9.3,100,2.583333333333333,5719.006824909532,5372.825586160356
2026-04-16 16:00:00+00:00,1052.2244444444443,243.0,256.4,138.0,16.7,7.2,100,2.0,4141.45953686102,3801.275351791033
2026-04-16 17:00:00+00:00,222.0886111111111,129.0,167.4,87.0,14.9,4.8,100,1.3333333333333333,3541.3536790987237,2491.595118921185
2026-04-16 18:00:00+00:00,0.0,42.0,109.6,31.0,12.4,6.2,96,1.7222222222222223,0.0,0.0
2026-04-16 19:00:00+00:00,0.0,0.0,0.0,0.0,11.0,5.0,91,1.3888888888888888,0.0,0.0
2026-04-16 20:00:00+00:00,0.0,0.0,0.0,0.0,9.7,4.6,97,1.2777777777777777,0.0,0.0
2026-04-16 21:00:00+00:00,0.0,0.0,0.0,0.0,8.6,3.3,28,0.9166666666666666,0.0,0.0
2026-04-16 22:00:00+00:00,0.0,0.0,0.0,0.0,7.8,2.0,13,0.5555555555555556,0.0,0.0
2026-04-16 23:00:00+00:00,0.0,0.0,0.0,0.0,6.8,1.8,0,0.5,0.0,0.0
2026-04-17 00:00:00+00:00,0.0,0.0,0.0,0.0,6.4,0.8,5,0.2222222222222222,0.0,0.0
2026-04-17 01:00:00+00:00,0.0,0.0,0.0,0.0,5.6,1.0,7,0.2777777777777778,0.0,0.0
2026-04-17 02:00:00+00:00,0.0,0.0,0.0,0.0,5.0,0.4,1,0.1111111111111111,0.0,0.0
2026-04-17 03:00:00+00:00,0.0,0.0,0.0,0.0,4.1,2.1,94,0.5833333333333334,0.0,0.0
2026-04-17 04:00:00+00:00,379.1852777777778,0.0,0.0,0.0,3.7,2.2,96,0.6111111111111112,0.0,0.0
2026-04-17 05:00:00+00:00,2235.973055555556,16.0,72.2,11.0,4.3,0.6,96,0.1666666666666666,257.38365746084304,645.7528143177043
2026-04-17 06:00:00+00:00,4631.531666666667,128.0,385.2,55.0,6.4,2.2,55,0.6111111111111112,2158.988161936964,3272.4829491762544
2026-04-17 07:00:00+00:00,6537.545277777778,286.0,566.8,86.0,9.8,1.1,11,0.3055555555555556,4322.90259290118,4937.399296778129
2026-04-17 08:00:00+00:00,8500.22388888889,448.0,681.9,106.0,13.2,1.7,5,0.4722222222222222,6283.5988913172405,6691.470481479336
2026-04-17 09:00:00+00:00,9156.603611111112,597.0,778.6,110.0,15.7,2.9,7,0.8055555555555555,8115.782302684974,8524.463722539722
2026-04-17 10:00:00+00:00,1187.486111111111,620.0,668.8,141.0,16.7,2.8,33,0.7777777777777777,8528.657437676322,8701.589068077945
2026-04-17 11:00:00+00:00,831.3208333333333,643.0,628.0,161.0,17.4,2.2,34,0.6111111111111112,8835.32978489286,8865.718407980545
2026-04-17 12:00:00+00:00,806.0419444444444,686.0,689.5,151.0,18.5,2.5,33,0.6944444444444444,9275.968765260042,9187.047912620572
2026-04-17 13:00:00+00:00,3044.708055555556,622.0,618.1,164.0,19.0,0.6,22,0.1666666666666666,8448.639216274414,8239.813176817417
2026-04-17 14:00:00+00:00,7296.545277777778,534.0,615.0,125.0,19.0,2.7,34,0.75,7299.545632864668,6936.31179878015
2026-04-17 15:00:00+00:00,4780.913611111111,392.0,469.9,132.0,18.7,4.5,98,1.25,5477.437101191735,5093.276464840174
2026-04-17 16:00:00+00:00,2875.7213888888887,274.0,404.1,107.0,17.7,6.6,55,1.8333333333333333,4704.083260687716,4236.617923183291
2026-04-17 17:00:00+00:00,315.56416666666667,148.0,318.0,67.0,16.1,5.9,95,1.6388888888888888,3881.3953321709164,2973.9529662971568
2026-04-17 18:00:00+00:00,0.0,38.0,127.1,25.0,13.9,5.9,100,1.6388888888888888,0.0,0.0
2026-04-17 19:00:00+00:00,0.0,0.0,0.0,0.0,12.1,5.5,98,1.5277777777777777,0.0,0.0
2026-04-17 20:00:00+00:00,0.0,0.0,0.0,0.0,11.0,5.5,26,1.5277777777777777,0.0,0.0
2026-04-17 21:00:00+00:00,0.0,0.0,0.0,0.0,9.8,4.5,22,1.25,0.0,0.0
2026-04-17 22:00:00+00:00,0.0,0.0,0.0,0.0,9.0,5.0,21,1.3888888888888888,0.0,0.0
2026-04-17 23:00:00+00:00,0.0,0.0,0.0,0.0,8.2,6.1,64,1.6944444444444442,0.0,0.0
2026-04-18 00:00:00+00:00,0.0,0.0,0.0,0.0,8.8,5.3,52,1.472222222222222,0.0,0.0
2026-04-18 01:00:00+00:00,0.0,0.0,0.0,0.0,7.9,4.0,76,1.1111111111111112,0.0,0.0
2026-04-18 02:00:00+00:00,0.0,0.0,0.0,0.0,7.2,5.4,94,1.5,0.0,0.0
2026-04-18 03:00:00+00:00,0.0,0.0,0.0,0.0,7.2,5.2,100,1.4444444444444444,0.0,0.0
2026-04-18 04:00:00+00:00,159.11555555555557,0.0,0.0,0.0,6.6,4.9,99,1.3611111111111112,0.0,0.0
2026-04-18 05:00:00+00:00,2814.6388888888887,15.0,27.9,13.0,7.1,4.5,100,1.25,238.83185630010317,404.9337000063108
2026-04-18 06:00:00+00:00,4809.420555555555,101.0,195.2,63.0,9.1,4.9,99,1.3611111111111112,1601.7919606898497,2291.0419258785837
2026-04-18 07:00:00+00:00,6475.524722222222,269.0,461.2,104.0,11.6,2.7,98,0.75,4050.157401243384,4533.899613283276
2026-04-18 08:00:00+00:00,9561.246388888889,416.0,535.3,145.0,14.1,3.3,54,0.9166666666666666,5908.271824656985,6248.150802159861
2026-04-18 09:00:00+00:00,6327.5216666666665,571.0,685.8,139.0,16.4,3.7,5,1.027777777777778,7829.26318900197,8174.111862548792
2026-04-18 10:00:00+00:00,5140.482777777778,684.0,756.6,139.0,18.1,2.7,20,0.75,9187.316891746377,9447.161354222226
2026-04-18 11:00:00+00:00,4636.568055555556,681.0,709.0,134.0,18.9,3.9,66,1.0833333333333333,9211.248933714323,9252.710530780061
2026-04-18 12:00:00+00:00,5595.278055555556,579.0,495.0,193.0,19.7,2.1,56,0.5833333333333334,8014.174017277183,7906.416139397271
2026-04-18 13:00:00+00:00,6505.5575,531.0,498.2,160.0,19.8,1.3,47,0.3611111111111111,7388.935266367343,7145.129085633693
2026-04-18 14:00:00+00:00,5951.182777777778,475.0,444.2,178.0,19.9,1.5,84,0.4166666666666666,6617.519718711283,6315.497777471289
2026-04-18 15:00:00+00:00,5044.508888888889,402.0,472.3,139.0,19.8,1.4,100,0.3888888888888888,5562.036074728642,5197.399964400525
2026-04-18 16:00:00+00:00,3058.5975,214.0,244.6,112.0,18.0,3.8,78,1.0555555555555556,3496.9503727734796,3311.796272537313
2026-04-18 17:00:00+00:00,560.4272222222222,121.0,154.7,81.0,13.9,6.4,63,1.777777777777778,3055.2686710177823,2294.7347625120974
2026-04-18 18:00:00+00:00,0.043842502094387,38.0,144.0,23.0,13.4,6.0,100,1.6666666666666663,0.0,0.0
2026-04-18 19:00:00+00:00,0.0,0.0,0.0,0.0,13.2,2.3,61,0.6388888888888888,0.0,0.0
2026-04-18 20:00:00+00:00,0.0,0.0,0.0,0.0,11.9,1.7,84,0.4722222222222222,0.0,0.0
2026-04-18 21:00:00+00:00,0.0,0.0,0.0,0.0,11.1,4.6,60,1.2777777777777777,0.0,0.0
2026-04-18 22:00:00+00:00,0.0,0.0,0.0,0.0,10.4,2.2,20,0.6111111111111112,0.0,0.0
2026-04-18 23:00:00+00:00,0.0,0.0,0.0,0.0,9.0,3.6,30,1.0,0.0,0.0
2026-04-19 00:00:00+00:00,0.0,0.0,0.0,0.0,10.1,3.6,62,1.0,0.0,0.0
2026-04-19 01:00:00+00:00,0.0,0.0,0.0,0.0,8.4,4.8,100,1.3333333333333333,0.0,0.0
2026-04-19 02:00:00+00:00,0.0,0.0,0.0,0.0,9.1,9.1,100,2.5277777777777777,0.0,0.0
2026-04-19 03:00:00+00:00,0.0,0.0,0.0,0.0,8.6,4.4,100,1.2222222222222223,0.0,0.0
2026-04-19 04:00:00+00:00,250.27694444444444,0.0,0.0,0.0,8.8,9.1,100,2.5277777777777777,0.0,0.0
2026-04-19 05:00:00+00:00,1839.4222222222224,11.0,0.0,11.0,8.6,9.2,100,2.555555555555556,174.2422215267547,166.2567905221181
2026-04-19 06:00:00+00:00,2553.4180555555554,73.0,20.0,69.0,9.5,5.0,100,1.3888888888888888,1144.6435798781235,1194.4571792697625
2026-04-19 07:00:00+00:00,1310.1638888888888,65.0,0.0,65.0,9.8,6.8,100,1.8888888888888888,1019.0068318839196,978.1856235365775
2026-04-19 08:00:00+00:00,3551.217777777778,198.0,48.9,173.0,11.5,10.3,100,2.861111111111111,3032.944753536703,2971.4227533085937
2026-04-19 09:00:00+00:00,1618.5347222222222,308.0,116.7,234.0,13.1,12.9,98,3.583333333333333,4613.840080390766,4582.716551498509
2026-04-19 10:00:00+00:00,769.1419444444444,548.0,383.7,270.0,14.8,13.5,94,3.75,7791.926302036938,7891.343193210238
2026-04-19 11:00:00+00:00,1886.3619444444444,727.0,695.2,188.0,16.1,18.8,21,5.222222222222222,9917.363228711363,10045.693127406566
2026-04-19 12:00:00+00:00,5519.815555555556,731.0,755.6,139.0,14.1,19.4,27,5.388888888888888,10043.683462268978,9962.124186764759
2026-04-19 13:00:00+00:00,5208.003333333333,645.0,658.8,152.0,14.3,20.7,12,5.75,8968.270160760503,8734.854827245801
2026-04-19 14:00:00+00:00,3234.330555555556,632.0,758.7,122.0,13.9,21.6,13,6.0,8636.71680111063,8289.256939418028
2026-04-19 15:00:00+00:00,3331.0669444444443,498.0,685.2,114.0,12.9,22.5,17,6.25,6877.613911124971,6437.129179250777
2026-04-19 16:00:00+00:00,2767.2502777777777,341.0,594.4,91.0,12.1,20.0,5,5.555555555555555,5920.889320359966,5269.65480869435
2026-04-19 17:00:00+00:00,755.5355555555556,196.0,491.8,67.0,10.8,17.9,14,4.972222222222221,4609.032858868119,3913.8354408728896
2026-04-19 18:00:00+00:00,2.1077777777777778,53.0,235.8,28.0,8.9,11.3,13,3.138888888888889,0.0,0.0
2026-04-19 19:00:00+00:00,0.0,0.0,0.0,0.0,7.6,9.2,0,2.555555555555556,0.0,0.0
2026-04-19 20:00:00+00:00,0.0,0.0,0.0,0.0,6.3,8.3,0,2.305555555555556,0.0,0.0
2026-04-19 21:00:00+00:00,0.0,0.0,0.0,0.0,5.1,5.5,0,1.5277777777777777,0.0,0.0
2026-04-19 22:00:00+00:00,0.0,0.0,0.0,0.0,4.3,5.2,5,1.4444444444444444,0.0,0.0
2026-04-19 23:00:00+00:00,0.0,0.0,0.0,0.0,4.0,5.8,52,1.611111111111111,0.0,0.0
