time,p_real_w,ghi,dni,dhi,t_amb,wind_kmh,cloud_cover,wind_ms
2026-03-20 00:00:00+00:00,0.0,0.0,0.0,0.0,1.1,2.7,100,0.75
2026-03-20 01:00:00+00:00,0.0,0.0,0.0,0.0,0.4,2.7,70,0.75
2026-03-20 02:00:00+00:00,0.0,0.0,0.0,0.0,-0.1,3.0,12,0.8333333333333333
2026-03-20 03:00:00+00:00,0.0,0.0,0.0,0.0,-0.2,2.6,2,0.7222222222222222
2026-03-20 04:00:00+00:00,0.0,0.0,0.0,0.0,-0.2,1.7,0,0.4722222222222222
2026-03-20 05:00:00+00:00,474.9166666666667,0.0,0.0,0.0,-0.3,1.3,13,0.3611111111111111
2026-03-20 06:00:00+00:00,2634.4125,26.0,145.6,14.0,-0.1,0.9,2,0.25
2026-03-20 07:00:00+00:00,4792.22,160.0,492.8,55.0,2.2,1.1,5,0.3055555555555556
2026-03-20 08:00:00+00:00,6598.603611111111,323.0,666.5,78.0,5.1,1.1,34,0.3055555555555556
2026-03-20 09:00:00+00:00,8250.309444444445,471.0,754.6,96.0,8.3,1.5,40,0.41666666666666663
2026-03-20 10:00:00+00:00,9127.59,564.0,756.3,116.0,10.9,1.1,50,0.3055555555555556
2026-03-20 11:00:00+00:00,8238.6125,573.0,587.0,193.0,11.6,0.8,97,0.22222222222222224
2026-03-20 12:00:00+00:00,3169.4808333333335,489.0,320.6,278.0,11.8,1.9,88,0.5277777777777778
2026-03-20 13:00:00+00:00,6608.743611111111,409.0,253.2,251.0,11.8,3.2,95,0.888888888888889
2026-03-20 14:00:00+00:00,2835.1469444444447,352.0,233.8,224.0,11.4,3.9,99,1.0833333333333333
2026-03-20 15:00:00+00:00,1463.0202777777777,204.0,64.6,176.0,10.4,3.3,97,0.9166666666666666
2026-03-20 16:00:00+00:00,673.0955555555555,113.0,0.0,113.0,8.4,3.4,99,0.9444444444444444
2026-03-20 17:00:00+00:00,14.984444444444444,34.0,0.0,34.0,6.3,2.6,86,0.7222222222222222
2026-03-20 18:00:00+00:00,0.0,1.0,0.0,1.0,6.8,0.8,77,0.22222222222222224
2026-03-20 19:00:00+00:00,0.0,0.0,0.0,0.0,5.6,5.9,98,1.6388888888888888
2026-03-20 20:00:00+00:00,0.0,0.0,0.0,0.0,5.8,8.8,63,2.4444444444444446
2026-03-20 21:00:00+00:00,0.0,0.0,0.0,0.0,4.0,7.6,98,2.111111111111111
2026-03-20 22:00:00+00:00,0.0,0.0,0.0,0.0,5.7,8.0,100,2.2222222222222223
2026-03-20 23:00:00+00:00,0.0,0.0,0.0,0.0,5.6,7.3,100,2.0277777777777777
2026-03-21 00:00:00+00:00,0.0,0.0,0.0,0.0,6.2,9.0,100,2.5
2026-03-21 01:00:00+00:00,0.0,0.0,0.0,0.0,5.7,5.2,100,1.4444444444444444
2026-03-21 02:00:00+00:00,0.0,0.0,0.0,0.0,5.2,4.7,100,1.3055555555555556
2026-03-21 03:00:00+00:00,0.0,0.0,0.0,0.0,5.3,5.8,100,1.611111111111111
2026-03-21 04:00:00+00:00,0.0,0.0,0.0,0.0,5.4,8.5,99,2.361111111111111
2026-03-21 05:00:00+00:00,137.4361111111111,0.0,0.0,0.0,3.7,6.3,100,1.75
2026-03-21 06:00:00+00:00,1089.9952777777778,14.0,0.0,14.0,5.3,6.7,100,1.8611111111111112
2026-03-21 07:00:00+00:00,2149.6669444444447,48.0,0.0,48.0,5.9,7.2,100,2.0
2026-03-21 08:00:00+00:00,2815.2455555555557,139.0,37.5,125.0,7.6,5.8,100,1.611111111111111
2026-03-21 09:00:00+00:00,5308.1883333333335,140.0,23.9,128.0,8.1,6.5,100,1.8055555555555556
2026-03-21 10:00:00+00:00,5353.315555555556,158.0,10.0,152.0,8.4,8.8,100,2.4444444444444446
2026-03-21 11:00:00+00:00,4202.115555555555,152.0,0.0,152.0,7.4,11.2,95,3.1111111111111107
2026-03-21 12:00:00+00:00,2718.516111111111,358.0,153.8,256.0,9.1,12.6,54,3.5
2026-03-21 13:00:00+00:00,3077.048888888889,454.0,437.3,179.0,9.6,11.6,70,3.222222222222222
2026-03-21 14:00:00+00:00,3968.9155555555553,372.0,353.2,177.0,10.0,12.4,74,3.4444444444444446
2026-03-21 15:00:00+00:00,2965.239722222222,327.0,504.7,106.0,9.8,14.5,50,4.027777777777778
2026-03-21 16:00:00+00:00,1254.6430555555555,199.0,390.8,84.0,8.5,15.5,93,4.305555555555555
2026-03-21 17:00:00+00:00,41.72888888888889,63.0,168.0,41.0,6.9,14.7,99,4.083333333333333
2026-03-21 18:00:00+00:00,0.0,2.0,0.0,2.0,5.8,14.7,100,4.083333333333333
2026-03-21 19:00:00+00:00,0.0,0.0,0.0,0.0,5.8,15.7,9,4.361111111111111
2026-03-21 20:00:00+00:00,0.0,0.0,0.0,0.0,5.2,16.2,8,4.5
2026-03-21 21:00:00+00:00,0.0,0.0,0.0,0.0,4.9,18.4,1,5.111111111111111
2026-03-21 22:00:00+00:00,0.0,0.0,0.0,0.0,5.1,20.3,0,5.638888888888889
2026-03-21 23:00:00+00:00,0.0,0.0,0.0,0.0,5.1,20.5,5,5.694444444444445
2026-03-22 00:00:00+00:00,0.0,0.0,0.0,0.0,5.1,18.7,0,5.194444444444444
2026-03-22 01:00:00+00:00,0.0,0.0,0.0,0.0,5.1,19.7,0,5.472222222222222
2026-03-22 02:00:00+00:00,0.0,0.0,0.0,0.0,5.1,20.9,0,5.805555555555555
2026-03-22 03:00:00+00:00,0.0,0.0,0.0,0.0,5.0,20.4,0,5.666666666666666
2026-03-22 04:00:00+00:00,0.0,0.0,0.0,0.0,4.8,20.2,0,5.611111111111111
2026-03-22 05:00:00+00:00,621.9491666666667,0.0,0.0,0.0,4.5,19.7,0,5.472222222222222
2026-03-22 06:00:00+00:00,2984.7025,33.0,181.1,17.0,5.4,20.9,0,5.805555555555555
2026-03-22 07:00:00+00:00,5237.862222222222,173.0,524.8,55.0,6.9,18.7,5,5.194444444444444
2026-03-22 08:00:00+00:00,7139.953333333333,341.0,698.9,76.0,8.7,21.9,9,6.083333333333333
2026-03-22 09:00:00+00:00,8970.77638888889,490.0,787.0,90.0,10.1,25.1,20,6.972222222222222
2026-03-22 10:00:00+00:00,9685.476162274208,603.0,832.1,101.0,11.0,25.8,30,7.166666666666667
2026-03-22 11:00:00+00:00,2483.9572222222223,675.0,871.0,102.0,11.8,25.9,42,7.194444444444444
2026-03-22 12:00:00+00:00,4433.420833333334,635.0,739.3,141.0,11.9,20.5,65,5.694444444444445
2026-03-22 13:00:00+00:00,6605.490047659097,505.0,475.0,204.0,11.8,20.0,38,5.555555555555555
2026-03-22 14:00:00+00:00,5738.617104527669,478.0,574.9,158.0,12.1,19.0,77,5.277777777777778
2026-03-22 15:00:00+00:00,4310.698055555556,383.0,603.6,116.0,11.6,19.4,18,5.388888888888888
2026-03-22 16:00:00+00:00,1863.5591666666667,255.0,633.0,66.0,10.7,16.6,9,4.611111111111112
2026-03-22 17:00:00+00:00,57.99444444444445,91.0,392.0,38.0,8.9,15.7,5,4.361111111111111
2026-03-22 18:00:00+00:00,0.0,3.0,23.7,2.0,7.9,16.7,5,4.638888888888888
2026-03-22 19:00:00+00:00,0.0,0.0,0.0,0.0,7.6,17.8,0,4.944444444444445
2026-03-22 20:00:00+00:00,0.0,0.0,0.0,0.0,7.1,18.6,0,5.166666666666667
2026-03-22 21:00:00+00:00,0.0,0.0,0.0,0.0,6.2,16.0,0,4.444444444444445
2026-03-22 22:00:00+00:00,0.0,0.0,0.0,0.0,5.4,13.9,0,3.861111111111111
2026-03-22 23:00:00+00:00,0.0,0.0,0.0,0.0,4.7,12.2,0,3.3888888888888884
2026-03-23 00:00:00+00:00,0.0,0.0,0.0,0.0,4.2,12.0,0,3.333333333333333
2026-03-23 01:00:00+00:00,0.0,0.0,0.0,0.0,4.0,10.9,0,3.0277777777777777
2026-03-23 02:00:00+00:00,0.0,0.0,0.0,0.0,3.4,9.5,0,2.638888888888889
2026-03-23 03:00:00+00:00,0.0,0.0,0.0,0.0,2.8,8.2,0,2.2777777777777777
2026-03-23 04:00:00+00:00,0.020555555555555556,0.0,0.0,0.0,1.6,6.8,0,1.8888888888888888
2026-03-23 05:00:00+00:00,790.6405555555556,0.0,0.0,0.0,1.1,5.9,10,1.6388888888888888
2026-03-23 06:00:00+00:00,3106.4669444444444,36.0,186.2,19.0,2.8,5.7,77,1.5833333333333333
2026-03-23 07:00:00+00:00,5148.3422222222225,175.0,494.2,61.0,4.8,6.2,88,1.7222222222222223
2026-03-23 08:00:00+00:00,7102.668333333333,342.0,672.9,83.0,6.7,6.8,87,1.8888888888888888
2026-03-23 09:00:00+00:00,8646.619166666667,495.0,788.2,90.0,8.4,7.7,79,2.138888888888889
2026-03-23 10:00:00+00:00,9828.650833333333,608.0,839.6,97.0,9.6,6.9,55,1.9166666666666667
2026-03-23 11:00:00+00:00,9536.006111111112,672.0,856.7,104.0,10.8,5.4,66,1.5
2026-03-23 12:00:00+00:00,8629.965833333334,682.0,858.6,104.0,12.0,5.5,74,1.5277777777777777
2026-03-23 13:00:00+00:00,7622.749444444445,620.0,770.7,128.0,12.9,5.4,56,1.5
2026-03-23 14:00:00+00:00,6040.795833333334,507.0,691.4,119.0,13.1,5.3,89,1.472222222222222
2026-03-23 15:00:00+00:00,4471.8116666666665,359.0,543.9,116.0,12.6,7.1,100,1.972222222222222
2026-03-23 16:00:00+00:00,2160.081388888889,176.0,264.1,96.0,11.6,6.3,100,1.75
2026-03-23 17:00:00+00:00,74.41527777777777,67.0,164.9,44.0,9.7,8.4,88,2.3333333333333335
2026-03-23 18:00:00+00:00,0.0,3.0,0.0,3.0,7.4,5.6,72,1.5555555555555554
2026-03-23 19:00:00+00:00,0.0,0.0,0.0,0.0,6.6,3.2,29,0.888888888888889
2026-03-23 20:00:00+00:00,0.0,0.0,0.0,0.0,5.7,3.8,39,1.0555555555555556
2026-03-23 21:00:00+00:00,0.0,0.0,0.0,0.0,4.7,4.2,2,1.1666666666666667
2026-03-23 22:00:00+00:00,0.0,0.0,0.0,0.0,3.8,2.1,5,0.5833333333333334
2026-03-23 23:00:00+00:00,0.0,0.0,0.0,0.0,2.5,3.3,19,0.9166666666666666
2026-03-24 00:00:00+00:00,0.0,0.0,0.0,0.0,1.4,3.5,9,0.9722222222222222
2026-03-24 01:00:00+00:00,0.0,0.0,0.0,0.0,1.0,1.5,0,0.41666666666666663
2026-03-24 02:00:00+00:00,0.0,0.0,0.0,0.0,0.2,3.6,12,1.0
2026-03-24 03:00:00+00:00,0.0,0.0,0.0,0.0,-0.1,2.9,88,0.8055555555555555
2026-03-24 04:00:00+00:00,0.5827777777777777,0.0,0.0,0.0,0.2,2.3,100,0.6388888888888888
2026-03-24 05:00:00+00:00,480.43,0.0,0.0,0.0,-0.2,4.7,99,1.3055555555555556
2026-03-24 06:00:00+00:00,1810.8341666666668,35.0,127.3,23.0,0.4,6.8,100,1.8888888888888888
2026-03-24 07:00:00+00:00,3781.8455555555556,159.0,308.7,86.0,3.1,1.5,100,0.41666666666666663
2026-03-24 08:00:00+00:00,5837.868055555556,311.0,468.5,128.0,5.8,2.2,100,0.6111111111111112
2026-03-24 09:00:00+00:00,6588.701944444444,430.0,458.3,192.0,8.0,2.4,99,0.6666666666666666
2026-03-24 10:00:00+00:00,6887.777777777777,577.0,682.4,158.0,10.2,3.2,80,0.888888888888889
2026-03-24 11:00:00+00:00,8956.717777777778,653.0,749.8,152.0,11.9,3.6,97,1.0
2026-03-24 12:00:00+00:00,8450.51638888889,697.0,881.9,99.0,12.6,3.6,96,1.0
2026-03-24 13:00:00+00:00,6215.340883668904,603.0,744.8,124.0,13.4,6.1,75,1.6944444444444442
2026-03-24 14:00:00+00:00,5349.334722222222,521.0,719.4,114.0,13.4,7.5,98,2.0833333333333335
2026-03-24 15:00:00+00:00,4242.496388888889,378.0,607.3,104.0,13.1,9.0,80,2.5
2026-03-24 16:00:00+00:00,1532.3752777777777,252.0,582.7,73.0,12.4,5.2,68,1.4444444444444444
2026-03-24 17:00:00+00:00,50.88527777777778,94.0,368.7,41.0,10.4,1.1,57,0.3055555555555556
2026-03-24 18:00:00+00:00,0.0,4.0,21.5,3.0,7.4,5.5,49,1.5277777777777777
2026-03-24 19:00:00+00:00,0.0,0.0,0.0,0.0,6.2,5.0,40,1.3888888888888888
2026-03-24 20:00:00+00:00,0.0,0.0,0.0,0.0,5.4,3.6,100,1.0
2026-03-24 21:00:00+00:00,0.0,0.0,0.0,0.0,4.3,5.6,97,1.5555555555555554
2026-03-24 22:00:00+00:00,0.0,0.0,0.0,0.0,4.0,7.2,68,2.0
2026-03-24 23:00:00+00:00,0.0,0.0,0.0,0.0,3.3,6.6,93,1.8333333333333333
2026-03-25 00:00:00+00:00,0.0,0.0,0.0,0.0,3.9,7.9,100,2.1944444444444446
2026-03-25 01:00:00+00:00,0.0,0.0,0.0,0.0,3.0,6.3,100,1.75
2026-03-25 02:00:00+00:00,0.0,0.0,0.0,0.0,3.5,2.7,100,0.75
2026-03-25 03:00:00+00:00,0.0,0.0,0.0,0.0,3.0,4.2,100,1.1666666666666667
2026-03-25 04:00:00+00:00,0.0,0.0,0.0,0.0,2.0,5.5,100,1.5277777777777777
2026-03-25 05:00:00+00:00,369.33194444444445,0.0,0.0,0.0,1.9,5.1,83,1.4166666666666665
2026-03-25 06:00:00+00:00,2807.516666666667,40.0,144.0,26.0,3.0,8.8,83,2.4444444444444446
2026-03-25 07:00:00+00:00,5040.1211111111115,186.0,507.6,63.0,5.7,7.4,78,2.055555555555556
2026-03-25 08:00:00+00:00,6202.295277777778,344.0,623.3,97.0,8.6,3.4,95,0.9444444444444444
2026-03-25 09:00:00+00:00,7982.985833333333,480.0,651.6,138.0,11.4,5.9,72,1.6388888888888888
2026-03-25 10:00:00+00:00,8672.998055555556,617.0,831.5,102.0,13.9,12.4,98,3.4444444444444446
2026-03-25 11:00:00+00:00,8734.347222222223,627.0,644.6,193.0,15.1,18.4,93,5.111111111111111
2026-03-25 12:00:00+00:00,822.5433333333333,617.0,597.4,209.0,15.6,21.7,100,6.027777777777778
2026-03-25 13:00:00+00:00,845.2741666666667,515.0,381.3,268.0,15.4,21.9,99,6.083333333333333
2026-03-25 14:00:00+00:00,4902.412222222222,315.0,126.3,243.0,14.2,17.3,100,4.805555555555555
2026-03-25 15:00:00+00:00,761.0580555555556,223.0,76.8,188.0,13.7,16.1,100,4.472222222222222
2026-03-25 16:00:00+00:00,182.11416666666668,118.0,41.7,105.0,8.9,23.1,100,6.416666666666667
2026-03-25 17:00:00+00:00,0.0,23.0,0.0,23.0,6.8,20.0,100,5.555555555555555
2026-03-25 18:00:00+00:00,0.0,1.0,0.0,1.0,5.8,18.5,100,5.138888888888888
2026-03-25 19:00:00+00:00,0.0,0.0,0.0,0.0,5.0,20.6,100,5.722222222222222
2026-03-25 20:00:00+00:00,0.0,0.0,0.0,0.0,4.6,18.9,100,5.249999999999999
2026-03-25 21:00:00+00:00,0.0,0.0,0.0,0.0,4.2,17.7,100,4.916666666666666
2026-03-25 22:00:00+00:00,0.0,0.0,0.0,0.0,3.7,18.7,100,5.194444444444444
2026-03-25 23:00:00+00:00,0.0,0.0,0.0,0.0,3.3,16.0,100,4.444444444444445
2026-03-26 00:00:00+00:00,0.0,0.0,0.0,0.0,3.2,12.1,100,3.3611111111111107
2026-03-26 01:00:00+00:00,0.0,0.0,0.0,0.0,2.8,12.5,100,3.4722222222222223
2026-03-26 02:00:00+00:00,0.0,0.0,0.0,0.0,2.2,11.9,100,3.3055555555555554
2026-03-26 03:00:00+00:00,0.0,0.0,0.0,0.0,2.3,15.5,100,4.305555555555555
2026-03-26 04:00:00+00:00,0.0,0.0,0.0,0.0,1.9,14.6,100,4.055555555555555
2026-03-26 05:00:00+00:00,153.97694444444446,0.0,0.0,0.0,1.9,14.5,100,4.027777777777778
2026-03-26 06:00:00+00:00,606.8144444444445,11.0,0.0,11.0,2.2,13.0,100,3.611111111111111
2026-03-26 07:00:00+00:00,1690.7969444444445,83.0,20.1,78.0,3.2,14.0,100,3.888888888888889
2026-03-26 08:00:00+00:00,3766.556666666667,106.0,2.5,105.0,3.7,14.1,100,3.9166666666666665
2026-03-26 09:00:00+00:00,4691.589444444445,269.0,62.2,236.0,5.1,15.3,100,4.25
2026-03-26 10:00:00+00:00,5615.738611111111,396.0,203.3,269.0,6.2,15.1,100,4.194444444444445
2026-03-26 11:00:00+00:00,7083.703055555556,491.0,336.1,263.0,7.3,15.9,100,4.416666666666667
2026-03-26 12:00:00+00:00,6809.905555555555,520.0,360.5,272.0,6.9,17.9,100,4.972222222222221
2026-03-26 13:00:00+00:00,5474.675277777777,511.0,387.7,258.0,7.1,21.3,100,5.916666666666667
2026-03-26 14:00:00+00:00,3791.1369444444445,373.0,287.1,208.0,6.7,20.4,100,5.666666666666666
2026-03-26 15:00:00+00:00,3690.601388888889,296.0,215.3,197.0,6.7,21.0,100,5.833333333333333
2026-03-26 16:00:00+00:00,2470.128888888889,226.0,357.9,113.0,6.6,19.1,98,5.305555555555556
2026-03-26 17:00:00+00:00,121.25138888888888,90.0,243.0,53.0,5.4,13.8,99,3.8333333333333335
2026-03-26 18:00:00+00:00,0.0,5.0,0.0,5.0,3.3,11.8,100,3.2777777777777777
2026-03-26 19:00:00+00:00,0.0,0.0,0.0,0.0,2.8,13.8,98,3.8333333333333335
2026-03-26 20:00:00+00:00,0.0,0.0,0.0,0.0,1.9,10.5,99,2.9166666666666665
2026-03-26 21:00:00+00:00,0.0,0.0,0.0,0.0,1.1,10.1,27,2.8055555555555554
2026-03-26 22:00:00+00:00,0.0,0.0,0.0,0.0,0.4,7.6,64,2.111111111111111
2026-03-26 23:00:00+00:00,0.0,0.0,0.0,0.0,0.1,10.6,45,2.944444444444444
2026-03-27 00:00:00+00:00,0.0,0.0,0.0,0.0,0.8,8.8,97,2.4444444444444446
2026-03-27 01:00:00+00:00,0.0,0.0,0.0,0.0,0.4,8.6,100,2.388888888888889
2026-03-27 02:00:00+00:00,0.0,0.0,0.0,0.0,0.1,10.7,100,2.972222222222222
2026-03-27 03:00:00+00:00,0.0,0.0,0.0,0.0,-0.2,9.0,99,2.5
2026-03-27 04:00:00+00:00,1.9691666666666667,0.0,0.0,0.0,-0.3,12.0,100,3.333333333333333
2026-03-27 05:00:00+00:00,906.2413888888889,0.0,0.0,0.0,-0.9,10.6,87,2.944444444444444
2026-03-27 06:00:00+00:00,3288.1841666666664,44.0,155.1,28.0,-0.3,10.3,27,2.861111111111111
2026-03-27 07:00:00+00:00,5812.258055555556,199.0,507.8,70.0,2.0,10.2,63,2.833333333333333
2026-03-27 08:00:00+00:00,7621.490277777778,358.0,632.8,100.0,3.6,12.6,52,3.5
2026-03-27 09:00:00+00:00,5225.011388888889,451.0,578.4,141.0,4.9,11.5,55,3.194444444444444
2026-03-27 10:00:00+00:00,8687.878888888888,570.0,647.6,162.0,6.3,11.9,55,3.3055555555555554
2026-03-27 11:00:00+00:00,8077.285277777778,549.0,474.1,225.0,7.1,13.0,67,3.611111111111111
2026-03-27 12:00:00+00:00,9020.787777777778,580.0,525.5,216.0,6.9,13.2,78,3.6666666666666665
2026-03-27 13:00:00+00:00,8154.221388888889,460.0,290.7,269.0,7.1,15.2,100,4.222222222222222
2026-03-27 14:00:00+00:00,6697.061944444445,378.0,286.6,212.0,7.1,15.3,85,4.25
2026-03-27 15:00:00+00:00,5230.735833333333,322.0,312.4,177.0,6.9,14.5,59,4.027777777777778
2026-03-27 16:00:00+00:00,2543.4519444444445,242.0,409.4,111.0,6.5,12.8,45,3.555555555555556
2026-03-27 17:00:00+00:00,118.76472222222222,97.0,255.7,57.0,4.8,7.8,9,2.1666666666666665
2026-03-27 18:00:00+00:00,0.0,7.0,37.8,5.0,3.5,10.6,66,2.944444444444444
2026-03-27 19:00:00+00:00,0.0,0.0,0.0,0.0,3.2,11.1,96,3.083333333333333
2026-03-27 20:00:00+00:00,0.0,0.0,0.0,0.0,2.5,8.7,61,2.4166666666666665
2026-03-27 21:00:00+00:00,0.0,0.0,0.0,0.0,1.0,5.9,16,1.6388888888888888
2026-03-27 22:00:00+00:00,0.0,0.0,0.0,0.0,-0.7,5.3,0,1.472222222222222
2026-03-27 23:00:00+00:00,0.0,0.0,0.0,0.0,-1.5,4.2,0,1.1666666666666667
2026-03-28 00:00:00+00:00,0.0,0.0,0.0,0.0,-1.5,5.4,0,1.5
2026-03-28 01:00:00+00:00,0.0,0.0,0.0,0.0,-2.5,5.3,0,1.472222222222222
2026-03-28 02:00:00+00:00,0.0,0.0,0.0,0.0,-2.8,3.9,0,1.0833333333333333
2026-03-28 03:00:00+00:00,0.0,0.0,0.0,0.0,-3.0,4.6,0,1.2777777777777777
2026-03-28 04:00:00+00:00,2.888333333333333,0.0,0.0,0.0,-3.1,3.1,0,0.8611111111111112
2026-03-28 05:00:00+00:00,847.6005555555555,0.0,0.0,0.0,-3.2,2.7,0,0.75
2026-03-28 06:00:00+00:00,3569.9294444444445,55.0,273.3,26.0,-2.2,7.1,4,1.972222222222222
2026-03-28 07:00:00+00:00,5600.707222222222,210.0,569.4,62.0,0.2,5.8,1,1.611111111111111
2026-03-28 08:00:00+00:00,7651.5425,380.0,720.8,82.0,2.9,5.7,0,1.5833333333333333
2026-03-28 09:00:00+00:00,9292.978888888889,530.0,808.9,92.0,4.7,7.6,1,2.111111111111111
2026-03-28 10:00:00+00:00,10171.232777777777,642.0,851.6,101.0,5.8,10.7,35,2.972222222222222
2026-03-28 11:00:00+00:00,961.8322222222222,704.0,859.8,112.0,6.6,13.2,39,3.6666666666666665
2026-03-28 12:00:00+00:00,898.9575,712.0,850.1,119.0,6.8,13.9,33,3.861111111111111
2026-03-28 13:00:00+00:00,4703.376056338028,665.0,823.6,120.0,7.3,12.6,48,3.5
2026-03-28 14:00:00+00:00,6243.576388888889,575.0,805.3,105.0,7.6,13.3,61,3.6944444444444446
2026-03-28 15:00:00+00:00,4524.6975,437.0,725.7,97.0,7.4,13.6,5,3.7777777777777777
2026-03-28 16:00:00+00:00,1116.4455555555555,278.0,632.3,73.0,6.8,11.8,49,3.2777777777777777
2026-03-28 17:00:00+00:00,90.59333333333333,110.0,385.9,48.0,4.7,8.5,100,2.361111111111111
2026-03-28 18:00:00+00:00,0.0,7.0,18.2,6.0,2.8,8.1,100,2.25
2026-03-28 19:00:00+00:00,0.0,0.0,0.0,0.0,3.0,9.2,98,2.5555555555555554
2026-03-28 20:00:00+00:00,0.0,0.0,0.0,0.0,2.0,8.7,60,2.4166666666666665
2026-03-28 21:00:00+00:00,0.0,0.0,0.0,0.0,1.2,14.9,31,4.138888888888889
2026-03-28 22:00:00+00:00,0.0,0.0,0.0,0.0,0.3,14.4,71,4.0
2026-03-28 23:00:00+00:00,0.0,0.0,0.0,0.0,-0.4,14.0,81,3.888888888888889
2026-03-29 00:00:00+00:00,0.0,0.0,0.0,0.0,0.0,14.1,100,3.9166666666666665
2026-03-29 01:00:00+00:00,0.0,0.0,0.0,0.0,1.0,13.7,100,3.8055555555555554
2026-03-29 02:00:00+00:00,0.0,0.0,0.0,0.0,1.4,12.5,100,3.4722222222222223
2026-03-29 03:00:00+00:00,0.0,0.0,0.0,0.0,1.4,12.1,100,3.3611111111111107
2026-03-29 04:00:00+00:00,0.0,0.0,0.0,0.0,1.1,11.7,100,3.2499999999999996
2026-03-29 05:00:00+00:00,43.44555555555556,0.0,0.0,0.0,1.1,10.1,100,2.8055555555555554
2026-03-29 06:00:00+00:00,496.6825,14.0,0.0,14.0,1.5,13.8,100,3.8333333333333335
2026-03-29 07:00:00+00:00,1724.8122222222223,63.0,0.0,63.0,2.2,14.0,100,3.888888888888889
2026-03-29 08:00:00+00:00,2843.9513888888887,162.0,31.0,149.0,3.3,13.4,100,3.7222222222222223
2026-03-29 09:00:00+00:00,4338.640277777778,283.0,106.0,225.0,5.2,12.8,100,3.555555555555556
2026-03-29 10:00:00+00:00,4764.9111111111115,197.0,26.5,180.0,5.5,12.8,100,3.555555555555556
2026-03-29 11:00:00+00:00,4906.174722222222,179.0,7.2,174.0,5.8,12.5,100,3.4722222222222223
2026-03-29 12:00:00+00:00,2479.126111111111,233.0,19.9,219.0,5.6,11.1,100,3.083333333333333
2026-03-29 13:00:00+00:00,2109.173888888889,248.0,45.0,218.0,6.2,14.4,100,4.0
2026-03-29 14:00:00+00:00,2519.887777777778,274.0,136.1,194.0,6.5,14.0,98,3.888888888888889
2026-03-29 15:00:00+00:00,1395.3225,171.0,31.7,156.0,6.0,16.3,100,4.527777777777778
2026-03-29 16:00:00+00:00,496.69055555555553,106.0,42.6,92.0,5.4,15.8,94,4.388888888888889
2026-03-29 17:00:00+00:00,12.2075,60.0,42.5,53.0,5.1,12.0,71,3.333333333333333
2026-03-29 18:00:00+00:00,0.0,5.0,17.5,4.0,4.6,10.0,93,2.7777777777777777
2026-03-29 19:00:00+00:00,0.0,0.0,0.0,0.0,4.2,9.6,98,2.6666666666666665
2026-03-29 20:00:00+00:00,0.0,0.0,0.0,0.0,3.5,9.4,21,2.611111111111111
2026-03-29 21:00:00+00:00,0.0,0.0,0.0,0.0,2.3,8.0,9,2.2222222222222223
2026-03-29 22:00:00+00:00,0.0,0.0,0.0,0.0,1.1,6.7,33,1.8611111111111112
2026-03-29 23:00:00+00:00,0.0,0.0,0.0,0.0,0.4,5.8,32,1.611111111111111
2026-03-30 00:00:00+00:00,0.0,0.0,0.0,0.0,2.8,10.4,95,2.888888888888889
2026-03-30 01:00:00+00:00,0.0,0.0,0.0,0.0,3.0,11.0,100,3.0555555555555554
2026-03-30 02:00:00+00:00,0.0,0.0,0.0,0.0,2.9,9.7,100,2.694444444444444
2026-03-30 03:00:00+00:00,0.0,0.0,0.0,0.0,2.2,9.6,100,2.6666666666666665
2026-03-30 04:00:00+00:00,0.01861111111111111,0.0,0.0,0.0,2.0,9.8,100,2.7222222222222223
2026-03-30 05:00:00+00:00,225.9775,0.0,0.0,0.0,2.0,11.9,100,3.3055555555555554
2026-03-30 06:00:00+00:00,1264.815,33.0,0.0,33.0,3.1,16.3,100,4.527777777777778
2026-03-30 07:00:00+00:00,1560.6102777777778,138.0,128.9,103.0,4.1,16.1,100,4.472222222222222
2026-03-30 08:00:00+00:00,1433.3694444444445,148.0,14.1,142.0,4.1,15.5,100,4.305555555555555
2026-03-30 09:00:00+00:00,2420.1583333333333,91.0,0.0,91.0,3.3,12.7,100,3.5277777777777777
2026-03-30 10:00:00+00:00,2438.0241666666666,168.0,26.3,151.0,4.8,14.7,99,4.083333333333333
2026-03-30 11:00:00+00:00,2681.7502777777777,429.0,180.4,303.0,6.2,27.8,100,7.722222222222222
2026-03-30 12:00:00+00:00,5465.013055555555,98.0,2.8,96.0,4.1,23.2,100,6.444444444444444
2026-03-30 13:00:00+00:00,5788.7875,307.0,101.4,239.0,5.7,21.6,100,6.0
2026-03-30 14:00:00+00:00,4119.181111111111,345.0,135.0,265.0,6.7,19.7,100,5.472222222222222
2026-03-30 15:00:00+00:00,2963.5775,109.0,0.0,109.0,5.2,17.4,64,4.833333333333333
2026-03-30 16:00:00+00:00,649.3252777777777,196.0,288.6,100.0,5.4,15.1,8,4.194444444444445
2026-03-30 17:00:00+00:00,365.7919444444444,114.0,396.4,47.0,4.6,14.0,26,3.888888888888889
2026-03-30 18:00:00+00:00,0.0,9.0,50.7,6.0,2.5,16.0,41,4.444444444444445
2026-03-30 19:00:00+00:00,0.0,0.0,0.0,0.0,2.0,14.3,4,3.9722222222222223
2026-03-30 20:00:00+00:00,0.0,0.0,0.0,0.0,1.1,12.1,9,3.3611111111111107
2026-03-30 21:00:00+00:00,0.0,0.0,0.0,0.0,0.8,10.6,5,2.944444444444444
2026-03-30 22:00:00+00:00,0.0,0.0,0.0,0.0,0.2,11.0,31,3.0555555555555554
2026-03-30 23:00:00+00:00,0.0,0.0,0.0,0.0,-0.1,11.5,38,3.194444444444444
2026-03-31 00:00:00+00:00,0.0,0.0,0.0,0.0,0.8,14.7,90,4.083333333333333
2026-03-31 01:00:00+00:00,0.0,0.0,0.0,0.0,0.4,14.7,76,4.083333333333333
2026-03-31 02:00:00+00:00,0.0,0.0,0.0,0.0,0.2,13.7,38,3.8055555555555554
2026-03-31 03:00:00+00:00,0.0,0.0,0.0,0.0,-0.2,14.3,26,3.9722222222222223
2026-03-31 04:00:00+00:00,0.37777777777777777,0.0,0.0,0.0,-0.6,12.8,49,3.555555555555556
2026-03-31 05:00:00+00:00,628.1086111111111,1.0,0.0,1.0,-0.8,10.5,97,2.9166666666666665
2026-03-31 06:00:00+00:00,3005.657222222222,42.0,69.6,34.0,1.0,11.4,9,3.1666666666666665
2026-03-31 07:00:00+00:00,3292.2341666666666,221.0,537.1,72.0,3.2,12.5,9,3.4722222222222223
2026-03-31 08:00:00+00:00,5011.078611111111,370.0,627.3,100.0,4.5,13.4,23,3.7222222222222223
2026-03-31 09:00:00+00:00,5614.921666666667,479.0,641.8,121.0,5.9,14.4,62,4.0
2026-03-31 10:00:00+00:00,5400.728055555555,509.0,516.2,173.0,6.8,14.3,63,3.9722222222222223
2026-03-31 11:00:00+00:00,4725.669722222222,627.0,632.6,182.0,7.8,15.3,63,4.25
2026-03-31 12:00:00+00:00,6014.410555555555,591.0,517.0,223.0,6.8,15.6,38,4.333333333333333
2026-03-31 13:00:00+00:00,7124.6594444444445,591.0,647.1,154.0,7.2,17.5,40,4.861111111111111
2026-03-31 14:00:00+00:00,5689.655555555555,459.0,487.7,168.0,7.2,19.8,48,5.5
2026-03-31 15:00:00+00:00,2758.3991666666666,365.0,469.7,139.0,7.2,19.1,58,5.305555555555556
2026-03-31 16:00:00+00:00,739.3897222222222,213.0,311.8,108.0,6.8,15.9,70,4.416666666666667
2026-03-31 17:00:00+00:00,54.66972222222222,77.0,121.2,56.0,5.8,9.3,13,2.5833333333333335
2026-03-31 18:00:00+00:00,0.0,10.0,49.0,7.0,3.1,11.0,10,3.0555555555555554
2026-03-31 19:00:00+00:00,0.0,0.0,0.0,0.0,2.4,10.1,1,2.8055555555555554
2026-03-31 20:00:00+00:00,0.0,0.0,0.0,0.0,1.4,7.9,6,2.1944444444444446
2026-03-31 21:00:00+00:00,0.0,0.0,0.0,0.0,0.1,5.8,28,1.611111111111111
2026-03-31 22:00:00+00:00,0.0,0.0,0.0,0.0,-0.6,4.8,80,1.3333333333333333
2026-03-31 23:00:00+00:00,0.0,0.0,0.0,0.0,-0.8,4.0,20,1.1111111111111112
2026-04-01 00:00:00+00:00,0.0,0.0,0.0,0.0,0.9,9.6,91,2.6666666666666665
2026-04-01 01:00:00+00:00,0.0,0.0,0.0,0.0,1.0,7.4,100,2.055555555555556
2026-04-01 02:00:00+00:00,0.0,0.0,0.0,0.0,0.0,2.9,100,0.8055555555555555
2026-04-01 03:00:00+00:00,0.0,0.0,0.0,0.0,-0.9,4.2,89,1.1666666666666667
2026-04-01 04:00:00+00:00,23.287222222222223,0.0,0.0,0.0,-1.4,4.1,11,1.1388888888888888
2026-04-01 05:00:00+00:00,765.4561111111111,1.0,0.0,1.0,-1.5,1.5,97,0.41666666666666663
2026-04-01 06:00:00+00:00,3274.0044444444443,65.0,229.0,38.0,0.9,2.4,51,0.6666666666666666
2026-04-01 07:00:00+00:00,5736.670277777778,204.0,395.4,92.0,2.7,1.5,13,0.41666666666666663
2026-04-01 08:00:00+00:00,7447.839166666667,361.0,557.3,118.0,4.6,1.6,16,0.4444444444444445
2026-04-01 09:00:00+00:00,9633.659444444444,518.0,696.0,126.0,6.3,3.5,20,0.9722222222222222
2026-04-01 10:00:00+00:00,8624.106666666667,527.0,547.2,168.0,7.6,4.2,59,1.1666666666666667
2026-04-01 11:00:00+00:00,6183.006388888889,500.0,402.4,215.0,8.4,4.4,100,1.2222222222222223
2026-04-01 12:00:00+00:00,3761.134722222222,415.0,182.9,284.0,7.9,2.3,84,0.6388888888888888
2026-04-01 13:00:00+00:00,3015.875,419.0,260.4,242.0,8.6,2.8,99,0.7777777777777777
2026-04-01 14:00:00+00:00,5896.638888888889,339.0,201.3,218.0,8.9,5.2,65,1.4444444444444444
2026-04-01 15:00:00+00:00,2613.5358333333334,275.0,181.3,187.0,9.1,5.2,57,1.4444444444444444
2026-04-01 16:00:00+00:00,863.8669444444445,202.0,313.9,95.0,8.8,6.9,85,1.9166666666666667
2026-04-01 17:00:00+00:00,45.21083333333333,95.0,197.4,60.0,7.3,7.0,86,1.9444444444444444
2026-04-01 18:00:00+00:00,0.0,9.0,31.6,7.0,5.7,4.1,74,1.1388888888888888
2026-04-01 19:00:00+00:00,0.0,0.0,0.0,0.0,4.3,5.1,51,1.4166666666666665
2026-04-01 20:00:00+00:00,0.0,0.0,0.0,0.0,3.0,5.9,30,1.6388888888888888
2026-04-01 21:00:00+00:00,0.0,0.0,0.0,0.0,1.9,6.3,4,1.75
2026-04-01 22:00:00+00:00,0.0,0.0,0.0,0.0,1.4,8.1,48,2.25
2026-04-01 23:00:00+00:00,0.0,0.0,0.0,0.0,1.2,7.7,70,2.138888888888889
2026-04-02 00:00:00+00:00,0.0,0.0,0.0,0.0,2.2,8.4,78,2.3333333333333335
2026-04-02 01:00:00+00:00,0.0,0.0,0.0,0.0,3.0,7.6,100,2.111111111111111
2026-04-02 02:00:00+00:00,0.0,0.0,0.0,0.0,3.5,8.1,100,2.25
2026-04-02 03:00:00+00:00,0.0,0.0,0.0,0.0,3.2,7.3,100,2.0277777777777777
2026-04-02 04:00:00+00:00,2.4944444444444445,0.0,0.0,0.0,3.3,7.8,100,2.1666666666666665
2026-04-02 05:00:00+00:00,458.5830555555556,0.0,0.0,0.0,3.4,8.1,100,2.25
2026-04-02 06:00:00+00:00,1741.4280555555556,16.0,0.0,16.0,3.5,7.7,100,2.138888888888889
2026-04-02 07:00:00+00:00,4086.9641666666666,79.0,27.7,71.0,4.4,6.3,100,1.75
2026-04-02 08:00:00+00:00,4597.245,156.0,15.9,149.0,5.5,4.9,100,1.3611111111111112
2026-04-02 09:00:00+00:00,4627.014166666667,357.0,225.1,229.0,6.9,4.2,100,1.1666666666666667
2026-04-02 10:00:00+00:00,3013.2922222222223,405.0,205.7,269.0,7.8,6.7,100,1.8611111111111112
2026-04-02 11:00:00+00:00,3202.48,269.0,28.0,249.0,7.8,6.6,100,1.8333333333333333
2026-04-02 12:00:00+00:00,3159.7408333333333,253.0,12.5,244.0,8.4,5.9,94,1.6388888888888888
2026-04-02 13:00:00+00:00,3151.6194444444445,413.0,172.5,295.0,9.4,6.2,100,1.7222222222222223
2026-04-02 14:00:00+00:00,2147.340277777778,405.0,299.1,224.0,10.1,7.3,99,2.0277777777777777
2026-04-02 15:00:00+00:00,1778.8208333333334,217.0,69.5,183.0,9.8,7.5,100,2.0833333333333335
2026-04-02 16:00:00+00:00,1031.3075,135.0,58.0,115.0,9.8,7.3,100,2.0277777777777777
2026-04-02 17:00:00+00:00,55.823055555555555,40.0,0.0,40.0,8.8,7.4,98,2.055555555555556
2026-04-02 18:00:00+00:00,0.0,5.0,0.0,5.0,7.4,9.3,98,2.5833333333333335
2026-04-02 19:00:00+00:00,0.0,0.0,0.0,0.0,6.6,11.0,98,3.0555555555555554
2026-04-02 20:00:00+00:00,0.0,0.0,0.0,0.0,6.1,11.1,98,3.083333333333333
2026-04-02 21:00:00+00:00,0.0,0.0,0.0,0.0,6.5,11.5,87,3.194444444444444
2026-04-02 22:00:00+00:00,0.0,0.0,0.0,0.0,5.8,12.8,45,3.555555555555556
2026-04-02 23:00:00+00:00,0.0,0.0,0.0,0.0,4.4,10.1,12,2.8055555555555554
2026-04-03 00:00:00+00:00,0.0,0.0,0.0,0.0,3.2,7.1,74,1.972222222222222
2026-04-03 01:00:00+00:00,0.0,0.0,0.0,0.0,2.5,7.2,33,2.0
2026-04-03 02:00:00+00:00,0.0,0.0,0.0,0.0,1.8,6.7,19,1.8611111111111112
2026-04-03 03:00:00+00:00,0.0,0.0,0.0,0.0,0.6,5.9,0,1.6388888888888888
2026-04-03 04:00:00+00:00,26.645833333333332,0.0,0.0,0.0,-0.1,4.6,0,1.2777777777777777
2026-04-03 05:00:00+00:00,1537.7744444444445,2.0,0.0,2.0,-0.6,4.7,0,1.3055555555555556
2026-04-03 06:00:00+00:00,3574.5172222222222,79.0,338.7,36.0,2.0,6.3,0,1.75
2026-04-03 07:00:00+00:00,5839.315,239.0,573.4,70.0,4.0,4.9,0,1.3611111111111112
2026-04-03 08:00:00+00:00,8040.323611111111,409.0,717.9,88.0,5.9,4.7,0,1.3055555555555556
2026-04-03 09:00:00+00:00,9582.17888888889,562.0,810.3,97.0,8.1,5.9,0,1.6388888888888888
2026-04-03 10:00:00+00:00,10608.767777777777,675.0,857.1,104.0,10.1,7.9,6,2.1944444444444446
2026-04-03 11:00:00+00:00,8796.653333333334,727.0,844.1,121.0,11.6,14.7,49,4.083333333333333
2026-04-03 12:00:00+00:00,4576.428888888889,622.0,646.4,153.0,12.3,15.6,88,4.333333333333333
2026-04-03 13:00:00+00:00,6029.194902982914,446.0,347.1,207.0,11.9,15.5,98,4.305555555555555
2026-04-03 14:00:00+00:00,6760.767756482525,259.0,52.5,227.0,11.6,15.4,85,4.277777777777778
2026-04-03 15:00:00+00:00,2312.6583333333333,256.0,210.7,152.0,11.6,13.6,71,3.7777777777777777
2026-04-03 16:00:00+00:00,2642.77,197.0,223.5,119.0,11.5,9.0,95,2.5
2026-04-03 17:00:00+00:00,247.59583333333333,85.0,156.3,56.0,9.9,4.9,72,1.3611111111111112
2026-04-03 18:00:00+00:00,0.0,12.0,44.5,9.0,9.6,12.7,82,3.5277777777777777
2026-04-03 19:00:00+00:00,0.0,0.0,0.0,0.0,9.6,14.5,65,4.027777777777778
2026-04-03 20:00:00+00:00,0.0,0.0,0.0,0.0,8.6,12.6,94,3.5
2026-04-03 21:00:00+00:00,0.0,0.0,0.0,0.0,8.7,13.9,73,3.861111111111111
2026-04-03 22:00:00+00:00,0.0,0.0,0.0,0.0,7.8,12.3,98,3.416666666666667
2026-04-03 23:00:00+00:00,0.0,0.0,0.0,0.0,7.8,10.9,98,3.0277777777777777
2026-04-04 00:00:00+00:00,0.0,0.0,0.0,0.0,7.9,10.4,100,2.888888888888889
2026-04-04 01:00:00+00:00,0.0,0.0,0.0,0.0,8.9,14.0,93,3.888888888888889
2026-04-04 02:00:00+00:00,0.0,0.0,0.0,0.0,7.9,13.5,74,3.75
2026-04-04 03:00:00+00:00,0.0,0.0,0.0,0.0,7.9,12.8,94,3.555555555555556
2026-04-04 04:00:00+00:00,0.16972222222222222,0.0,0.0,0.0,7.9,12.8,100,3.555555555555556
2026-04-04 05:00:00+00:00,218.37416666666667,1.0,0.0,1.0,7.9,12.1,100,3.3611111111111107
2026-04-04 06:00:00+00:00,681.2688888888889,11.0,0.0,11.0,7.6,13.5,100,3.75
2026-04-04 07:00:00+00:00,1180.598888888889,23.0,0.0,23.0,7.6,14.6,100,4.055555555555555
2026-04-04 08:00:00+00:00,1265.3225,77.0,15.5,70.0,8.3,13.8,100,3.8333333333333335
2026-04-04 09:00:00+00:00,2201.365,138.0,3.5,136.0,9.5,15.3,100,4.25
2026-04-04 10:00:00+00:00,1891.6933333333334,102.0,0.0,102.0,9.8,15.9,100,4.416666666666667
2026-04-04 11:00:00+00:00,2851.3522222222223,190.0,16.6,178.0,11.1,17.9,97,4.972222222222221
2026-04-04 12:00:00+00:00,3134.581111111111,439.0,179.4,308.0,11.1,12.4,100,3.4444444444444446
2026-04-04 13:00:00+00:00,2927.563611111111,208.0,7.2,203.0,11.9,17.6,100,4.888888888888889
2026-04-04 14:00:00+00:00,1581.5938888888888,216.0,27.7,199.0,12.3,17.3,100,4.805555555555555
2026-04-04 15:00:00+00:00,1107.1275,112.0,18.1,103.0,12.0,13.0,100,3.611111111111111
2026-04-04 16:00:00+00:00,347.56361111111113,84.0,5.7,82.0,11.9,12.8,100,3.555555555555556
2026-04-04 17:00:00+00:00,43.55027777777778,41.0,21.1,37.0,11.6,11.2,97,3.1111111111111107
2026-04-04 18:00:00+00:00,0.0,8.0,0.0,8.0,10.5,10.8,38,3.0
2026-04-04 19:00:00+00:00,0.0,0.0,0.0,0.0,9.7,10.0,99,2.7777777777777777
2026-04-04 20:00:00+00:00,0.0,0.0,0.0,0.0,10.2,11.0,81,3.0555555555555554
2026-04-04 21:00:00+00:00,0.0,0.0,0.0,0.0,10.1,8.9,34,2.4722222222222223
2026-04-04 22:00:00+00:00,0.0,0.0,0.0,0.0,8.9,7.0,10,1.9444444444444444
2026-04-04 23:00:00+00:00,0.0,0.0,0.0,0.0,7.2,6.3,98,1.75
2026-04-05 00:00:00+00:00,0.0,0.0,0.0,0.0,8.9,8.3,79,2.305555555555556
2026-04-05 01:00:00+00:00,0.0,0.0,0.0,0.0,8.1,6.8,15,1.8888888888888888
2026-04-05 02:00:00+00:00,0.0,0.0,0.0,0.0,6.7,4.8,20,1.3333333333333333
2026-04-05 03:00:00+00:00,0.0,0.0,0.0,0.0,6.3,1.7,47,0.4722222222222222
2026-04-05 04:00:00+00:00,127.91666666666667,0.0,0.0,0.0,5.7,3.1,38,0.8611111111111112
2026-04-05 05:00:00+00:00,1440.2888888888888,3.0,0.0,3.0,5.3,3.6,38,1.0
2026-04-05 06:00:00+00:00,2422.467777777778,84.0,288.6,44.0,7.2,7.2,96,2.0
2026-04-05 07:00:00+00:00,4376.56,218.0,375.8,103.0,9.4,4.4,20,1.2222222222222223
2026-04-05 08:00:00+00:00,7737.190715883669,410.0,694.3,92.0,12.1,4.8,48,1.3333333333333333
2026-04-05 09:00:00+00:00,9404.785833333333,544.0,712.0,128.0,14.4,6.2,87,1.7222222222222223
2026-04-05 10:00:00+00:00,1123.2727777777777,636.0,696.6,165.0,16.4,6.7,55,1.8611111111111112
2026-04-05 11:00:00+00:00,811.9652777777778,722.0,827.7,120.0,18.4,7.4,12,2.055555555555556
2026-04-05 12:00:00+00:00,808.8827777777777,736.0,856.4,107.0,20.0,9.3,19,2.5833333333333335
2026-04-05 13:00:00+00:00,811.5683333333334,685.0,826.3,109.0,21.5,16.8,48,4.666666666666667
2026-04-05 14:00:00+00:00,809.0266666666666,538.0,658.9,131.0,21.4,19.9,63,5.527777777777778
2026-04-05 15:00:00+00:00,1100.8307735269477,365.0,444.5,142.0,19.9,20.0,95,5.555555555555555
2026-04-05 16:00:00+00:00,556.6444444444444,263.0,420.1,113.0,19.3,20.3,43,5.638888888888889
2026-04-05 17:00:00+00:00,1.791111111111111,124.0,335.6,59.0,18.0,18.5,69,5.138888888888888
2026-04-05 18:00:00+00:00,0.0,14.0,42.0,11.0,16.9,20.7,100,5.75
2026-04-05 19:00:00+00:00,0.0,0.0,0.0,0.0,16.6,19.3,96,5.361111111111112
2026-04-05 20:00:00+00:00,0.0,0.0,0.0,0.0,15.6,17.8,100,4.944444444444445
2026-04-05 21:00:00+00:00,0.0,0.0,0.0,0.0,13.9,12.3,98,3.416666666666667
2026-04-05 22:00:00+00:00,0.0,0.0,0.0,0.0,12.7,13.2,100,3.6666666666666665
2026-04-05 23:00:00+00:00,0.0,0.0,0.0,0.0,11.3,13.4,52,3.7222222222222223
2026-04-06 00:00:00+00:00,0.0,0.0,0.0,0.0,11.8,16.0,20,4.444444444444445
2026-04-06 01:00:00+00:00,0.0,0.0,0.0,0.0,11.4,16.9,11,4.694444444444444
2026-04-06 02:00:00+00:00,0.0,0.0,0.0,0.0,10.8,15.7,33,4.361111111111111
2026-04-06 03:00:00+00:00,0.0,0.0,0.0,0.0,9.9,14.3,87,3.9722222222222223
2026-04-06 04:00:00+00:00,43.84722222222222,0.0,0.0,0.0,9.6,13.3,100,3.6944444444444446
2026-04-06 05:00:00+00:00,1094.0716666666667,2.0,0.0,2.0,8.9,11.8,100,3.2777777777777777
2026-04-06 06:00:00+00:00,3348.838888888889,83.0,221.7,51.0,9.6,11.0,99,3.0555555555555554
2026-04-06 07:00:00+00:00,6486.040555555555,230.0,404.4,104.0,10.5,13.2,98,3.6666666666666665
2026-04-06 08:00:00+00:00,8112.315,401.0,610.7,118.0,11.4,16.1,95,4.472222222222222
2026-04-06 09:00:00+00:00,8811.40111111111,559.0,744.9,120.0,12.1,17.5,98,4.861111111111111
2026-04-06 10:00:00+00:00,4698.248611111111,678.0,828.2,114.0,12.9,17.6,87,4.888888888888889
2026-04-06 11:00:00+00:00,810.5491666666667,737.0,844.3,119.0,14.1,21.4,49,5.944444444444444
2026-04-06 12:00:00+00:00,871.8647222222222,729.0,794.4,142.0,14.2,17.7,27,4.916666666666666
2026-04-06 13:00:00+00:00,811.3008333333333,706.0,835.6,120.0,14.4,16.8,98,4.666666666666667
2026-04-06 14:00:00+00:00,3719.0469444444443,596.0,755.9,126.0,14.2,15.9,16,4.416666666666667
2026-04-06 15:00:00+00:00,5391.171944444444,474.0,763.3,88.0,14.0,14.5,6,4.027777777777778
2026-04-06 16:00:00+00:00,3304.0802777777776,309.0,642.6,77.0,13.4,12.9,2,3.5833333333333335
2026-04-06 17:00:00+00:00,546.55,141.0,445.1,53.0,11.8,7.7,1,2.138888888888889
2026-04-06 18:00:00+00:00,0.0,18.0,95.3,11.0,9.9,7.9,36,2.1944444444444446
2026-04-06 19:00:00+00:00,0.0,0.0,0.0,0.0,9.8,9.9,0,2.75
2026-04-06 20:00:00+00:00,0.0,0.0,0.0,0.0,8.6,8.5,0,2.361111111111111
2026-04-06 21:00:00+00:00,0.0,0.0,0.0,0.0,6.6,5.6,2,1.5555555555555554
2026-04-06 22:00:00+00:00,0.0,0.0,0.0,0.0,5.7,3.9,0,1.0833333333333333
2026-04-06 23:00:00+00:00,0.0,0.0,0.0,0.0,5.6,0.4,1,0.11111111111111112
2026-04-07 00:00:00+00:00,0.0,0.0,0.0,0.0,5.6,1.5,32,0.41666666666666663
2026-04-07 01:00:00+00:00,0.0,0.0,0.0,0.0,5.1,1.5,17,0.41666666666666663
2026-04-07 02:00:00+00:00,0.0,0.0,0.0,0.0,3.5,4.6,39,1.2777777777777777
2026-04-07 03:00:00+00:00,0.0,0.0,0.0,0.0,2.8,4.5,94,1.25
2026-04-07 04:00:00+00:00,190.23777777777778,0.0,0.0,0.0,2.1,4.2,92,1.1666666666666667
2026-04-07 05:00:00+00:00,1752.1883333333333,5.0,20.4,4.0,2.2,3.5,77,0.9722222222222222
2026-04-07 06:00:00+00:00,4424.939444444444,95.0,346.7,43.0,3.7,1.5,0,0.41666666666666663
2026-04-07 07:00:00+00:00,6119.211666666667,259.0,589.7,72.0,6.9,2.0,0,0.5555555555555556
2026-04-07 08:00:00+00:00,8256.982777777777,428.0,725.5,88.0,9.4,2.3,0,0.6388888888888888
2026-04-07 09:00:00+00:00,9765.328055555556,577.0,802.5,100.0,11.6,1.1,0,0.3055555555555556
2026-04-07 10:00:00+00:00,4890.012222222223,687.0,848.7,105.0,13.3,6.0,0,1.6666666666666665
2026-04-07 11:00:00+00:00,1515.6955555555555,749.0,870.3,108.0,14.4,10.1,0,2.8055555555555554
2026-04-07 12:00:00+00:00,2250.123611111111,757.0,873.3,108.0,15.6,10.4,58,2.888888888888889
2026-04-07 13:00:00+00:00,924.9366666666666,709.0,849.1,110.0,15.9,12.8,66,3.555555555555556
2026-04-07 14:00:00+00:00,4764.121944444444,610.0,807.0,105.0,15.9,14.6,0,4.055555555555555
2026-04-07 15:00:00+00:00,5321.710277777778,474.0,751.5,91.0,15.6,15.5,0,4.305555555555555
2026-04-07 16:00:00+00:00,3355.1366666666668,311.0,643.8,76.0,15.0,14.0,0,3.888888888888889
2026-04-07 17:00:00+00:00,624.1863888888889,143.0,451.1,52.0,13.4,12.7,0,3.5277777777777777
2026-04-07 18:00:00+00:00,0.0,20.0,106.1,12.0,12.3,12.4,0,3.4444444444444446
2026-04-07 19:00:00+00:00,0.0,0.0,0.0,0.0,10.6,8.0,0,2.2222222222222223
2026-04-07 20:00:00+00:00,0.0,0.0,0.0,0.0,9.4,10.5,0,2.9166666666666665
2026-04-07 21:00:00+00:00,0.0,0.0,0.0,0.0,8.6,10.3,0,2.861111111111111
2026-04-07 22:00:00+00:00,0.0,0.0,0.0,0.0,7.3,8.1,0,2.25
2026-04-07 23:00:00+00:00,0.0,0.0,0.0,0.0,5.4,5.8,0,1.611111111111111
2026-04-08 00:00:00+00:00,0.0,0.0,0.0,0.0,5.5,7.2,0,2.0
2026-04-08 01:00:00+00:00,0.0,0.0,0.0,0.0,4.1,5.1,0,1.4166666666666665
2026-04-08 02:00:00+00:00,0.0,0.0,0.0,0.0,3.5,4.2,0,1.1666666666666667
2026-04-08 03:00:00+00:00,0.0,0.0,0.0,0.0,2.9,4.7,0,1.3055555555555556
2026-04-08 04:00:00+00:00,269.7325,0.0,0.0,0.0,2.0,6.1,0,1.6944444444444442
2026-04-08 05:00:00+00:00,2116.075277777778,6.0,38.5,4.0,1.9,6.5,0,1.8055555555555556
2026-04-08 06:00:00+00:00,4734.166944444444,106.0,404.8,43.0,4.4,9.5,0,2.638888888888889
2026-04-08 07:00:00+00:00,6480.807222222223,277.0,638.7,71.0,6.8,8.3,0,2.305555555555556
2026-04-08 08:00:00+00:00,8591.904166666667,451.0,768.1,87.0,8.8,10.0,0,2.7777777777777777
2026-04-08 09:00:00+00:00,10090.176666666666,601.0,839.2,98.0,10.2,8.6,0,2.388888888888889
2026-04-08 10:00:00+00:00,10888.942222222222,711.0,877.7,105.0,11.4,7.1,0,1.972222222222222
2026-04-08 11:00:00+00:00,10864.196944444444,773.0,896.1,109.0,12.3,5.6,0,1.5555555555555554
2026-04-08 12:00:00+00:00,10151.070277777777,780.0,897.7,109.0,13.1,1.3,0,0.3611111111111111
2026-04-08 13:00:00+00:00,8774.628333333334,732.0,883.7,105.0,14.1,0.6,0,0.16666666666666666
2026-04-08 14:00:00+00:00,6960.813055555555,633.0,848.0,99.0,14.5,2.2,2,0.6111111111111112
2026-04-08 15:00:00+00:00,5394.348333333333,492.0,782.8,90.0,14.6,4.1,6,1.1388888888888888
2026-04-08 16:00:00+00:00,3470.301111111111,324.0,669.6,77.0,13.9,5.5,3,1.5277777777777777
2026-04-08 17:00:00+00:00,617.5680555555556,150.0,471.5,53.0,11.8,2.5,2,0.6944444444444444
2026-04-08 18:00:00+00:00,0.0,22.0,116.3,13.0,10.1,1.5,0,0.41666666666666663
2026-04-08 19:00:00+00:00,0.0,0.0,0.0,0.0,8.9,8.4,0,2.3333333333333335
2026-04-08 20:00:00+00:00,0.0,0.0,0.0,0.0,8.1,9.9,0,2.75
2026-04-08 21:00:00+00:00,0.0,0.0,0.0,0.0,6.4,7.9,0,2.1944444444444446
2026-04-08 22:00:00+00:00,0.0,0.0,0.0,0.0,4.8,6.5,2,1.8055555555555556
2026-04-08 23:00:00+00:00,0.0,0.0,0.0,0.0,4.0,6.0,15,1.6666666666666665
2026-04-09 00:00:00+00:00,0.0,0.0,0.0,0.0,3.9,6.9,34,1.9166666666666667
2026-04-09 01:00:00+00:00,0.0,0.0,0.0,0.0,3.2,7.6,38,2.111111111111111
2026-04-09 02:00:00+00:00,0.0,0.0,0.0,0.0,3.2,9.5,11,2.638888888888889
2026-04-09 03:00:00+00:00,0.0,0.0,0.0,0.0,2.5,8.2,39,2.2777777777777777
2026-04-09 04:00:00+00:00,207.57888888888888,0.0,0.0,0.0,1.5,6.7,85,1.8611111111111112
2026-04-09 05:00:00+00:00,1444.3191666666667,7.0,18.3,6.0,1.5,5.6,100,1.5555555555555554
2026-04-09 06:00:00+00:00,3438.508888888889,78.0,62.0,68.0,3.4,5.2,100,1.4444444444444444
2026-04-09 07:00:00+00:00,4736.271111111111,192.0,115.9,154.0,5.4,3.5,100,0.9722222222222222
2026-04-09 08:00:00+00:00,7620.079166666666,316.0,210.9,215.0,7.3,4.5,100,1.25
2026-04-09 09:00:00+00:00,9440.448055555555,472.0,362.4,253.0,9.4,5.9,100,1.6388888888888888
2026-04-09 10:00:00+00:00,8760.483055555556,581.0,417.2,291.0,10.7,4.5,100,1.25
2026-04-09 11:00:00+00:00,8757.6,666.0,525.9,274.0,11.8,1.9,99,0.5277777777777778
2026-04-09 12:00:00+00:00,10563.736666666666,695.0,630.6,221.0,12.5,1.7,86,0.4722222222222222
2026-04-09 13:00:00+00:00,10307.8325,669.0,643.3,210.0,13.5,2.9,35,0.8055555555555555
2026-04-09 14:00:00+00:00,7021.3025,612.0,754.4,134.0,14.1,3.2,61,0.888888888888889
2026-04-09 15:00:00+00:00,6224.952777777778,465.0,641.7,133.0,14.1,5.5,41,1.5277777777777777
2026-04-09 16:00:00+00:00,3985.8058333333333,311.0,579.4,95.0,13.6,6.4,45,1.777777777777778
2026-04-09 17:00:00+00:00,877.8477777777778,146.0,405.4,61.0,11.5,5.1,29,1.4166666666666665
2026-04-09 18:00:00+00:00,0.0,23.0,113.4,14.0,9.1,6.9,9,1.9166666666666667
2026-04-09 19:00:00+00:00,0.0,0.0,0.0,0.0,8.4,4.3,11,1.1944444444444444
2026-04-09 20:00:00+00:00,0.0,0.0,0.0,0.0,6.4,4.1,32,1.1388888888888888
2026-04-09 21:00:00+00:00,0.0,0.0,0.0,0.0,4.8,6.1,16,1.6944444444444442
2026-04-09 22:00:00+00:00,0.0,0.0,0.0,0.0,3.8,5.8,44,1.611111111111111
2026-04-09 23:00:00+00:00,0.0,0.0,0.0,0.0,3.4,6.2,91,1.7222222222222223
2026-04-10 00:00:00+00:00,0.0,0.0,0.0,0.0,5.2,8.3,98,2.305555555555556
2026-04-10 01:00:00+00:00,0.0,0.0,0.0,0.0,5.2,6.7,98,1.8611111111111112
2026-04-10 02:00:00+00:00,0.0,0.0,0.0,0.0,5.4,11.7,100,3.2499999999999996
2026-04-10 03:00:00+00:00,0.0,0.0,0.0,0.0,4.8,11.1,100,3.083333333333333
2026-04-10 04:00:00+00:00,9.953333333333333,0.0,0.0,0.0,3.7,11.5,100,3.194444444444444
2026-04-10 05:00:00+00:00,122.98305555555555,4.0,0.0,4.0,3.5,10.8,100,3.0
2026-04-10 06:00:00+00:00,318.25111111111113,18.0,0.0,18.0,2.7,12.7,100,3.5277777777777777
2026-04-10 07:00:00+00:00,478.3722222222222,37.0,0.0,37.0,2.7,10.1,100,2.8055555555555554
2026-04-10 08:00:00+00:00,636.0708333333333,125.0,16.5,117.0,3.5,11.1,100,3.083333333333333
2026-04-10 09:00:00+00:00,438.1511111111111,103.0,0.0,103.0,3.8,7.9,100,2.1944444444444446
2026-04-10 10:00:00+00:00,1390.043888888889,101.0,0.0,101.0,3.7,7.3,100,2.0277777777777777
2026-04-10 11:00:00+00:00,1332.7127777777778,156.0,0.0,156.0,4.3,7.8,100,2.1666666666666665
2026-04-10 12:00:00+00:00,2380.3544444444447,226.0,6.6,221.0,3.9,7.2,100,2.0
2026-04-10 13:00:00+00:00,2111.6047222222223,266.0,12.5,257.0,5.8,5.2,100,1.4444444444444444
2026-04-10 14:00:00+00:00,1923.4383333333333,212.0,7.8,207.0,6.2,6.8,100,1.8888888888888888
2026-04-10 15:00:00+00:00,955.3266666666667,148.0,3.8,146.0,7.2,7.6,100,2.111111111111111
2026-04-10 16:00:00+00:00,408.37916666666666,61.0,0.0,61.0,7.6,10.3,100,2.861111111111111
2026-04-10 17:00:00+00:00,57.6475,46.0,4.7,45.0,7.4,9.3,100,2.5833333333333335
2026-04-10 18:00:00+00:00,0.0,8.0,0.0,8.0,6.7,6.7,100,1.8611111111111112
2026-04-10 19:00:00+00:00,0.0,0.0,0.0,0.0,6.7,0.7,100,0.19444444444444442
2026-04-10 20:00:00+00:00,0.0,0.0,0.0,0.0,5.3,1.1,100,0.3055555555555556
2026-04-10 21:00:00+00:00,0.0,0.0,0.0,0.0,4.3,3.4,100,0.9444444444444444
2026-04-10 22:00:00+00:00,0.0,0.0,0.0,0.0,3.7,6.1,100,1.6944444444444442
2026-04-10 23:00:00+00:00,0.0,0.0,0.0,0.0,3.3,7.3,98,2.0277777777777777
2026-04-11 00:00:00+00:00,0.0,0.0,0.0,0.0,3.0,7.8,88,2.1666666666666665
2026-04-11 01:00:00+00:00,0.0,0.0,0.0,0.0,2.3,7.4,100,2.055555555555556
2026-04-11 02:00:00+00:00,0.0,0.0,0.0,0.0,1.9,6.3,18,1.75
2026-04-11 03:00:00+00:00,0.0,0.0,0.0,0.0,1.2,5.8,90,1.611111111111111
2026-04-11 04:00:00+00:00,99.10972222222222,0.0,0.0,0.0,0.5,5.3,70,1.472222222222222
2026-04-11 05:00:00+00:00,691.3194444444445,9.0,33.3,7.0,1.0,6.5,98,1.8055555555555556
2026-04-11 06:00:00+00:00,2374.027777777778,107.0,279.0,59.0,3.0,6.9,84,1.9166666666666667
2026-04-11 07:00:00+00:00,5542.263888888889,253.0,419.7,111.0,5.8,4.9,88,1.3611111111111112
2026-04-11 08:00:00+00:00,6603.195833333333,420.0,576.7,138.0,8.1,8.8,94,2.4444444444444446
2026-04-11 09:00:00+00:00,9123.172777777778,467.0,382.9,232.0,9.6,10.5,98,2.9166666666666665
2026-04-11 10:00:00+00:00,5363.381111111111,569.0,457.3,247.0,10.9,10.7,60,2.972222222222222
2026-04-11 11:00:00+00:00,2295.051388888889,737.0,754.7,168.0,12.4,11.9,31,3.3055555555555554
2026-04-11 12:00:00+00:00,1247.4516666666666,769.0,863.4,113.0,12.9,10.2,19,2.833333333333333
2026-04-11 13:00:00+00:00,4846.640555555556,723.0,848.4,111.0,13.5,11.8,99,3.2777777777777777
2026-04-11 14:00:00+00:00,7041.820555555556,609.0,734.5,138.0,13.9,11.4,84,3.1666666666666665
2026-04-11 15:00:00+00:00,5391.479722222222,490.0,746.7,98.0,13.9,12.2,0,3.3888888888888884
2026-04-11 16:00:00+00:00,3459.905,328.0,657.2,78.0,13.2,11.8,0,3.2777777777777777
2026-04-11 17:00:00+00:00,636.6538888888889,157.0,469.0,55.0,11.4,9.1,0,2.5277777777777777
2026-04-11 18:00:00+00:00,0.0,27.0,132.1,16.0,9.9,11.4,0,3.1666666666666665
2026-04-11 19:00:00+00:00,0.0,0.0,0.0,0.0,9.0,12.5,0,3.4722222222222223
2026-04-11 20:00:00+00:00,0.0,0.0,0.0,0.0,8.4,14.4,15,4.0
2026-04-11 21:00:00+00:00,0.0,0.0,0.0,0.0,7.7,12.7,39,3.5277777777777777
2026-04-11 22:00:00+00:00,0.0,0.0,0.0,0.0,6.8,10.0,66,2.7777777777777777
2026-04-11 23:00:00+00:00,0.0,0.0,0.0,0.0,6.1,8.2,97,2.2777777777777777
2026-04-12 00:00:00+00:00,0.0,0.0,0.0,0.0,6.1,9.4,100,2.611111111111111
2026-04-12 01:00:00+00:00,0.0,0.0,0.0,0.0,7.4,11.8,86,3.2777777777777777
2026-04-12 02:00:00+00:00,0.0,0.0,0.0,0.0,7.1,11.3,100,3.138888888888889
2026-04-12 03:00:00+00:00,0.0,0.0,0.0,0.0,7.2,8.7,100,2.4166666666666665
2026-04-12 04:00:00+00:00,52.013888888888886,0.0,0.0,0.0,6.9,8.7,92,2.4166666666666665
2026-04-12 05:00:00+00:00,479.38944444444445,9.0,15.9,8.0,6.8,8.5,99,2.361111111111111
2026-04-12 06:00:00+00:00,1341.1258333333333,86.0,169.2,56.0,7.7,8.2,100,2.2777777777777777
2026-04-12 07:00:00+00:00,1078.2558333333334,208.0,209.6,136.0,8.8,5.5,90,1.5277777777777777
2026-04-12 08:00:00+00:00,4229.801944444444,273.0,137.7,205.0,9.8,6.9,100,1.9166666666666667
2026-04-12 09:00:00+00:00,5187.540277777778,130.0,0.0,130.0,9.5,8.2,67,2.2777777777777777
2026-04-12 10:00:00+00:00,7963.435833333333,514.0,362.7,257.0,12.2,4.8,70,1.3333333333333333
2026-04-12 11:00:00+00:00,7372.034722222223,608.0,484.1,241.0,14.1,4.6,70,1.2777777777777777
2026-04-12 12:00:00+00:00,6002.019444444444,595.0,445.2,255.0,13.4,1.1,100,0.3055555555555556
2026-04-12 13:00:00+00:00,5402.26,342.0,45.5,309.0,14.2,0.9,97,0.25
2026-04-12 14:00:00+00:00,4099.587222222222,449.0,384.5,201.0,14.8,2.5,100,0.6944444444444444
2026-04-12 15:00:00+00:00,2621.0641666666666,416.0,480.5,162.0,14.9,7.1,100,1.972222222222222
2026-04-12 16:00:00+00:00,976.1486111111111,284.0,416.5,124.0,14.1,8.2,100,2.2777777777777777
2026-04-12 17:00:00+00:00,168.93166666666667,126.0,185.2,85.0,12.4,12.0,100,3.333333333333333
2026-04-12 18:00:00+00:00,0.0,21.0,23.5,19.0,10.1,8.5,100,2.361111111111111
2026-04-12 19:00:00+00:00,0.0,0.0,0.0,0.0,9.8,8.3,96,2.305555555555556
2026-04-12 20:00:00+00:00,0.0,0.0,0.0,0.0,8.9,7.6,100,2.111111111111111
2026-04-12 21:00:00+00:00,0.0,0.0,0.0,0.0,8.0,6.2,100,1.7222222222222223
2026-04-12 22:00:00+00:00,0.0,0.0,0.0,0.0,7.3,5.5,99,1.5277777777777777
2026-04-12 23:00:00+00:00,0.0,0.0,0.0,0.0,6.6,4.5,100,1.25
2026-04-13 00:00:00+00:00,0.0,0.0,0.0,0.0,6.1,5.7,100,1.5833333333333333
2026-04-13 01:00:00+00:00,0.0,0.0,0.0,0.0,5.2,5.1,100,1.4166666666666665
2026-04-13 02:00:00+00:00,0.0,0.0,0.0,0.0,4.9,5.1,45,1.4166666666666665
2026-04-13 03:00:00+00:00,0.0,0.0,0.0,0.0,4.8,5.6,32,1.5555555555555554
2026-04-13 04:00:00+00:00,50.92444444444445,0.0,0.0,0.0,4.7,5.1,97,1.4166666666666665
2026-04-13 05:00:00+00:00,647.4202777777778,12.0,30.6,10.0,5.4,4.9,100,1.3611111111111112
2026-04-13 06:00:00+00:00,1732.7780555555555,109.0,241.0,65.0,8.2,5.4,100,1.5
2026-04-13 07:00:00+00:00,3284.6413888888887,235.0,321.4,123.0,10.7,1.8,100,0.5
2026-04-13 08:00:00+00:00,5074.044444444445,366.0,344.9,194.0,13.3,5.8,100,1.611111111111111
2026-04-13 09:00:00+00:00,6072.3625,348.0,168.6,243.0,14.4,9.0,100,2.5
2026-04-13 10:00:00+00:00,6652.606111111111,468.0,235.7,300.0,16.2,11.0,100,3.0555555555555554
2026-04-13 11:00:00+00:00,6453.432777777778,701.0,618.0,230.0,18.5,13.0,93,3.611111111111111
2026-04-13 12:00:00+00:00,5690.598055555555,754.0,801.1,139.0,17.9,16.7,100,4.638888888888888
2026-04-13 13:00:00+00:00,3373.761388888889,612.0,482.9,260.0,18.5,17.1,95,4.75
2026-04-13 14:00:00+00:00,2337.285277777778,621.0,726.1,150.0,18.8,18.8,100,5.222222222222222
2026-04-13 15:00:00+00:00,1898.8483333333334,137.0,5.6,134.0,16.6,16.7,100,4.638888888888888
2026-04-13 16:00:00+00:00,975.5366666666666,114.0,12.9,109.0,15.6,17.0,100,4.722222222222222
2026-04-13 17:00:00+00:00,185.10916666666665,57.0,4.4,56.0,14.6,16.2,100,4.5
2026-04-13 18:00:00+00:00,0.0,17.0,11.5,16.0,13.9,17.2,100,4.777777777777778
2026-04-13 19:00:00+00:00,0.0,0.0,0.0,0.0,13.2,16.6,100,4.611111111111112
2026-04-13 20:00:00+00:00,0.0,0.0,0.0,0.0,13.0,18.0,100,5.0
2026-04-13 21:00:00+00:00,0.0,0.0,0.0,0.0,12.4,20.2,91,5.611111111111111
2026-04-13 22:00:00+00:00,0.0,0.0,0.0,0.0,11.1,17.3,100,4.805555555555555
2026-04-13 23:00:00+00:00,0.0,0.0,0.0,0.0,10.6,15.2,95,4.222222222222222
2026-04-14 00:00:00+00:00,0.0,0.0,0.0,0.0,11.4,11.6,100,3.222222222222222
2026-04-14 01:00:00+00:00,0.0,0.0,0.0,0.0,10.9,10.6,65,2.944444444444444
2026-04-14 02:00:00+00:00,0.0,0.0,0.0,0.0,9.1,10.1,30,2.8055555555555554
2026-04-14 03:00:00+00:00,0.0,0.0,0.0,0.0,8.2,6.7,73,1.8611111111111112
2026-04-14 04:00:00+00:00,30.535833333333333,0.0,0.0,0.0,8.0,5.3,95,1.472222222222222
2026-04-14 05:00:00+00:00,309.9675,11.0,14.7,10.0,8.1,8.3,42,2.305555555555556
2026-04-14 06:00:00+00:00,1024.5347222222222,101.0,255.6,53.0,9.4,9.4,73,2.611111111111111
2026-04-14 07:00:00+00:00,1248.2533333333333,210.0,280.0,111.0,10.4,11.3,93,3.138888888888889
2026-04-14 08:00:00+00:00,1046.1416666666667,245.0,129.1,180.0,11.4,10.6,100,2.944444444444444
2026-04-14 09:00:00+00:00,1302.0605555555555,292.0,68.5,249.0,12.6,11.5,100,3.194444444444444
2026-04-14 10:00:00+00:00,1138.2266666666667,279.0,32.1,256.0,13.0,10.5,100,2.9166666666666665
2026-04-14 11:00:00+00:00,1565.1691666666666,303.0,35.2,276.0,13.6,10.5,100,2.9166666666666665
2026-04-14 12:00:00+00:00,1896.2802777777779,255.0,11.7,246.0,12.4,11.6,100,3.222222222222222
2026-04-14 13:00:00+00:00,1663.55,212.0,38.2,184.0,12.7,12.8,100,3.555555555555556
2026-04-14 14:00:00+00:00,663.3805555555556,142.0,3.1,140.0,12.4,14.2,100,3.944444444444444
2026-04-14 15:00:00+00:00,348.7002777777778,146.0,9.3,141.0,12.4,13.6,100,3.7777777777777777
2026-04-14 16:00:00+00:00,264.7366666666667,106.0,10.2,102.0,12.2,12.0,100,3.333333333333333
2026-04-14 17:00:00+00:00,33.990833333333335,48.0,0.0,48.0,12.0,9.5,100,2.638888888888889
2026-04-14 18:00:00+00:00,0.0,10.0,0.0,10.0,10.9,8.0,100,2.2222222222222223
2026-04-14 19:00:00+00:00,0.0,0.0,0.0,0.0,10.6,8.8,100,2.4444444444444446
2026-04-14 20:00:00+00:00,0.0,0.0,0.0,0.0,10.4,8.1,100,2.25
2026-04-14 21:00:00+00:00,0.0,0.0,0.0,0.0,10.1,7.1,100,1.972222222222222
2026-04-14 22:00:00+00:00,0.0,0.0,0.0,0.0,9.9,5.5,100,1.5277777777777777
2026-04-14 23:00:00+00:00,0.0,0.0,0.0,0.0,9.4,4.8,100,1.3333333333333333
2026-04-15 00:00:00+00:00,0.0,0.0,0.0,0.0,9.0,3.2,100,0.888888888888889
2026-04-15 01:00:00+00:00,0.0,0.0,0.0,0.0,8.8,1.7,100,0.4722222222222222
2026-04-15 02:00:00+00:00,0.0,0.0,0.0,0.0,8.4,2.3,100,0.6388888888888888
2026-04-15 03:00:00+00:00,0.0,0.0,0.0,0.0,8.1,2.4,100,0.6666666666666666
2026-04-15 04:00:00+00:00,38.806666666666665,0.0,0.0,0.0,7.9,2.3,100,0.6388888888888888
2026-04-15 05:00:00+00:00,424.3122222222222,7.0,0.0,7.0,8.6,5.0,100,1.3888888888888888
2026-04-15 06:00:00+00:00,996.0919444444445,49.0,0.0,49.0,9.1,5.6,100,1.5555555555555554
2026-04-15 07:00:00+00:00,2133.985833333333,186.0,117.2,144.0,10.6,7.0,96,1.9444444444444444
2026-04-15 08:00:00+00:00,5072.505833333334,294.0,190.9,197.0,12.0,7.6,51,2.111111111111111
2026-04-15 09:00:00+00:00,7269.975,469.0,344.9,251.0,13.7,9.1,100,2.5277777777777777
2026-04-15 10:00:00+00:00,4926.573333333334,397.0,135.9,299.0,14.4,10.4,100,2.888888888888889
2026-04-15 11:00:00+00:00,5104.92,424.0,107.8,341.0,15.4,10.7,88,2.972222222222222
2026-04-15 12:00:00+00:00,5541.310277777778,440.0,171.5,307.0,15.6,9.5,96,2.638888888888889
2026-04-15 13:00:00+00:00,4002.738611111111,402.0,103.2,326.0,16.2,9.8,100,2.7222222222222223
2026-04-15 14:00:00+00:00,3534.6497222222224,359.0,120.4,280.0,16.4,10.8,100,3.0
2026-04-15 15:00:00+00:00,4484.386944444444,427.0,539.2,136.0,16.8,10.0,100,2.7777777777777777
2026-04-15 16:00:00+00:00,373.78583333333336,285.0,427.5,116.0,16.5,8.8,88,2.4444444444444446
2026-04-15 17:00:00+00:00,75.95833333333333,130.0,244.8,73.0,15.2,4.0,95,1.1111111111111112
2026-04-15 18:00:00+00:00,0.0,29.0,99.0,20.0,13.4,2.8,23,0.7777777777777777
2026-04-15 19:00:00+00:00,0.0,0.0,0.0,0.0,12.7,1.5,38,0.41666666666666663
2026-04-15 20:00:00+00:00,0.0,0.0,0.0,0.0,12.1,2.4,98,0.6666666666666666
2026-04-15 21:00:00+00:00,0.0,0.0,0.0,0.0,11.4,2.2,100,0.6111111111111112
2026-04-15 22:00:00+00:00,0.0,0.0,0.0,0.0,11.2,3.3,95,0.9166666666666666
2026-04-15 23:00:00+00:00,0.0,0.0,0.0,0.0,11.0,2.7,94,0.75
2026-04-16 00:00:00+00:00,0.0,0.0,0.0,0.0,11.6,8.1,100,2.25
2026-04-16 01:00:00+00:00,0.0,0.0,0.0,0.0,11.6,6.6,100,1.8333333333333333
2026-04-16 02:00:00+00:00,0.0,0.0,0.0,0.0,11.4,5.3,100,1.472222222222222
2026-04-16 03:00:00+00:00,0.0,0.0,0.0,0.0,10.9,2.6,100,0.7222222222222222
2026-04-16 04:00:00+00:00,4.733888888888889,0.0,0.0,0.0,10.5,1.1,98,0.3055555555555556
2026-04-16 05:00:00+00:00,508.5325,11.0,13.7,10.0,10.1,4.4,100,1.2222222222222223
2026-04-16 06:00:00+00:00,1330.8305555555555,70.0,106.0,49.0,11.8,7.9,100,2.1944444444444446
2026-04-16 07:00:00+00:00,3009.096111111111,113.0,90.8,80.0,11.9,10.6,100,2.944444444444444
2026-04-16 08:00:00+00:00,3774.2347222222224,196.0,99.4,145.0,12.6,10.8,100,3.0
2026-04-16 09:00:00+00:00,1782.598888888889,280.0,77.0,231.0,13.4,13.6,55,3.7777777777777777
2026-04-16 10:00:00+00:00,4264.305555555556,444.0,237.1,272.0,14.3,14.0,52,3.888888888888889
2026-04-16 11:00:00+00:00,1386.003888888889,545.0,427.5,214.0,14.9,12.3,92,3.416666666666667
2026-04-16 12:00:00+00:00,3827.6819444444445,413.0,166.8,283.0,15.2,12.3,100,3.416666666666667
2026-04-16 13:00:00+00:00,6585.389166666667,459.0,322.9,220.0,15.7,13.0,88,3.611111111111111
2026-04-16 14:00:00+00:00,6076.353888888889,357.0,259.2,186.0,15.5,11.8,27,3.2777777777777777
2026-04-16 15:00:00+00:00,3551.4908333333333,398.0,506.2,123.0,15.9,10.6,23,2.944444444444444
2026-04-16 16:00:00+00:00,1052.2244444444445,301.0,523.8,92.0,15.7,9.3,27,2.5833333333333335
2026-04-16 17:00:00+00:00,222.0886111111111,155.0,401.4,60.0,14.6,6.4,8,1.777777777777778
2026-04-16 18:00:00+00:00,0.0,34.0,150.9,20.0,12.5,5.9,50,1.6388888888888888
2026-04-16 19:00:00+00:00,0.0,0.0,0.0,0.0,11.6,4.4,45,1.2222222222222223
2026-04-16 20:00:00+00:00,0.0,0.0,0.0,0.0,10.9,2.7,20,0.75
2026-04-16 21:00:00+00:00,0.0,0.0,0.0,0.0,10.1,2.6,19,0.7222222222222222
2026-04-16 22:00:00+00:00,0.0,0.0,0.0,0.0,9.4,2.2,21,0.6111111111111112
2026-04-16 23:00:00+00:00,0.0,0.0,0.0,0.0,9.1,0.7,16,0.19444444444444442
2026-04-17 00:00:00+00:00,0.0,0.0,0.0,0.0,10.2,1.4,96,0.38888888888888884
2026-04-17 01:00:00+00:00,0.0,0.0,0.0,0.0,9.2,1.2,60,0.3333333333333333
2026-04-17 02:00:00+00:00,0.0,0.0,0.0,0.0,8.4,0.2,20,0.05555555555555556
2026-04-17 03:00:00+00:00,0.0,0.0,0.0,0.0,6.9,1.3,27,0.3611111111111111
2026-04-17 04:00:00+00:00,379.1852777777778,0.0,0.0,0.0,6.2,1.4,19,0.38888888888888884
2026-04-17 05:00:00+00:00,2235.9730555555557,19.0,79.2,13.0,7.1,1.4,10,0.38888888888888884
2026-04-17 06:00:00+00:00,4631.531666666667,138.0,403.3,56.0,8.9,2.2,3,0.6111111111111112
2026-04-17 07:00:00+00:00,6537.545277777778,299.0,572.8,88.0,11.4,0.9,4,0.25
2026-04-17 08:00:00+00:00,8500.22388888889,467.0,695.6,107.0,13.9,0.9,0,0.25
2026-04-17 09:00:00+00:00,9156.603611111112,625.0,808.3,107.0,16.1,0.8,2,0.22222222222222224
2026-04-17 10:00:00+00:00,1187.486111111111,698.0,777.0,131.0,17.0,3.5,35,0.9722222222222222
2026-04-17 11:00:00+00:00,831.3208333333333,698.0,695.2,157.0,17.7,2.9,25,0.8055555555555555
2026-04-17 12:00:00+00:00,806.0419444444444,690.0,679.5,158.0,18.2,2.0,33,0.5555555555555556
2026-04-17 13:00:00+00:00,3044.7080555555553,599.0,605.1,149.0,18.6,3.4,31,0.9444444444444444
2026-04-17 14:00:00+00:00,7296.545277777778,561.0,618.2,151.0,18.8,4.8,33,1.3333333333333333
2026-04-17 15:00:00+00:00,4780.913611111111,447.0,607.1,115.0,18.8,5.9,26,1.6388888888888888
2026-04-17 16:00:00+00:00,2875.7213888888887,295.0,481.8,101.0,18.2,5.1,19,1.4166666666666665
2026-04-17 17:00:00+00:00,315.56416666666667,158.0,370.2,69.0,16.5,3.4,26,0.9444444444444444
2026-04-17 18:00:00+00:00,0.0,36.0,158.5,21.0,14.6,3.2,22,0.888888888888889
2026-04-17 19:00:00+00:00,0.0,0.0,0.0,0.0,12.7,5.3,27,1.472222222222222
2026-04-17 20:00:00+00:00,0.0,0.0,0.0,0.0,12.7,11.3,41,3.138888888888889
2026-04-17 21:00:00+00:00,0.0,0.0,0.0,0.0,11.3,6.9,68,1.9166666666666667
2026-04-17 22:00:00+00:00,0.0,0.0,0.0,0.0,9.7,5.8,82,1.611111111111111
2026-04-17 23:00:00+00:00,0.0,0.0,0.0,0.0,8.8,3.9,33,1.0833333333333333
2026-04-18 00:00:00+00:00,0.0,0.0,0.0,0.0,8.1,2.4,13,0.6666666666666666
2026-04-18 01:00:00+00:00,0.0,0.0,0.0,0.0,7.3,3.1,82,0.8611111111111112
2026-04-18 02:00:00+00:00,0.0,0.0,0.0,0.0,6.9,4.0,3,1.1111111111111112
2026-04-18 03:00:00+00:00,0.0,0.0,0.0,0.0,6.8,5.2,59,1.4444444444444444
2026-04-18 04:00:00+00:00,159.11555555555555,0.0,0.0,0.0,6.9,5.2,98,1.4444444444444444
2026-04-18 05:00:00+00:00,2814.6388888888887,18.0,51.1,14.0,8.2,4.1,99,1.1388888888888888
2026-04-18 06:00:00+00:00,4809.420555555555,114.0,148.8,83.0,10.1,5.4,95,1.5
2026-04-18 07:00:00+00:00,6475.524722222222,304.0,549.3,99.0,12.2,3.6,7,1.0
2026-04-18 08:00:00+00:00,9561.246388888889,469.0,695.2,106.0,14.6,4.0,31,1.1111111111111112
2026-04-18 09:00:00+00:00,6327.5216666666665,603.0,744.0,123.0,16.6,4.2,85,1.1666666666666667
2026-04-18 10:00:00+00:00,5140.482777777778,736.0,838.1,121.0,18.1,3.5,82,0.9722222222222222
2026-04-18 11:00:00+00:00,4636.5680555555555,753.0,781.3,142.0,19.0,1.5,57,0.41666666666666663
2026-04-18 12:00:00+00:00,5595.2780555555555,629.0,578.4,174.0,19.4,1.5,63,0.41666666666666663
2026-04-18 13:00:00+00:00,6505.5575,622.0,606.2,169.0,19.9,2.3,98,0.6388888888888888
2026-04-18 14:00:00+00:00,5951.182777777778,507.0,505.5,170.0,19.9,3.8,67,1.0555555555555556
2026-04-18 15:00:00+00:00,5044.508888888889,436.0,568.7,123.0,19.6,5.2,42,1.4444444444444444
2026-04-18 16:00:00+00:00,3058.5975,309.0,521.8,97.0,18.9,6.9,35,1.9166666666666667
2026-04-18 17:00:00+00:00,560.4272222222222,166.0,413.6,65.0,17.3,7.6,32,2.111111111111111
2026-04-18 18:00:00+00:00,0.043842502094387045,37.0,155.4,22.0,14.6,5.0,20,1.3888888888888888
2026-04-18 19:00:00+00:00,0.0,0.0,0.0,0.0,13.5,2.5,0,0.6944444444444444
2026-04-18 20:00:00+00:00,0.0,0.0,0.0,0.0,11.7,5.8,2,1.611111111111111
2026-04-18 21:00:00+00:00,0.0,0.0,0.0,0.0,10.4,4.4,1,1.2222222222222223
2026-04-18 22:00:00+00:00,0.0,0.0,0.0,0.0,9.8,2.9,16,0.8055555555555555
2026-04-18 23:00:00+00:00,0.0,0.0,0.0,0.0,9.2,2.3,44,0.6388888888888888
2026-04-19 00:00:00+00:00,0.0,0.0,0.0,0.0,10.9,6.8,47,1.8888888888888888
2026-04-19 01:00:00+00:00,0.0,0.0,0.0,0.0,10.2,1.7,95,0.4722222222222222
2026-04-19 02:00:00+00:00,0.0,0.0,0.0,0.0,9.1,4.1,66,1.1388888888888888
2026-04-19 03:00:00+00:00,0.0,0.0,0.0,0.0,8.2,5.5,100,1.5277777777777777
2026-04-19 04:00:00+00:00,250.27694444444444,0.0,0.0,0.0,8.2,3.9,100,1.0833333333333333
2026-04-19 05:00:00+00:00,1839.4222222222222,17.0,0.0,17.0,9.1,3.5,100,0.9722222222222222
2026-04-19 06:00:00+00:00,2553.4180555555554,96.0,46.9,86.0,11.4,8.4,100,2.3333333333333335
2026-04-19 07:00:00+00:00,1310.1638888888888,190.0,63.5,166.0,13.1,7.3,100,2.0277777777777777
2026-04-19 08:00:00+00:00,3551.217777777778,277.0,140.5,203.0,14.2,6.5,100,1.8055555555555556
2026-04-19 09:00:00+00:00,1618.5347222222222,422.0,258.7,254.0,15.2,12.3,100,3.416666666666667
2026-04-19 10:00:00+00:00,769.1419444444444,331.0,101.7,256.0,13.8,12.8,100,3.555555555555556
2026-04-19 11:00:00+00:00,1886.3619444444444,178.0,0.0,178.0,13.8,10.1,100,2.8055555555555554
2026-04-19 12:00:00+00:00,5519.815555555556,394.0,132.9,289.0,15.2,15.3,100,4.25
2026-04-19 13:00:00+00:00,5208.003333333333,399.0,119.9,309.0,14.6,14.5,98,4.027777777777778
2026-04-19 14:00:00+00:00,3234.3305555555557,376.0,226.8,224.0,15.4,13.6,100,3.7777777777777777
2026-04-19 15:00:00+00:00,3331.0669444444443,276.0,128.2,205.0,13.3,15.7,100,4.361111111111111
2026-04-19 16:00:00+00:00,2767.2502777777777,201.0,92.7,163.0,14.1,13.3,99,3.6944444444444446
2026-04-19 17:00:00+00:00,755.5355555555556,111.0,72.6,93.0,13.4,17.5,31,4.861111111111111
2026-04-19 18:00:00+00:00,2.1077777777777778,38.0,162.6,22.0,12.1,21.2,20,5.888888888888888
2026-04-19 19:00:00+00:00,0.0,0.0,0.0,0.0,10.8,18.4,5,5.111111111111111
2026-04-19 20:00:00+00:00,0.0,0.0,0.0,0.0,9.1,15.8,1,4.388888888888889
2026-04-19 21:00:00+00:00,0.0,0.0,0.0,0.0,7.9,14.0,0,3.888888888888889
2026-04-19 22:00:00+00:00,0.0,0.0,0.0,0.0,6.9,11.6,0,3.222222222222222
2026-04-19 23:00:00+00:00,0.0,0.0,0.0,0.0,6.0,9.9,1,2.75
